2026/08/28 10:57:05.496, 0, NVIDIA GeForce RTX 3090, 91, 0, 36.30
2026/08/28 10:57:05.499, 1, NVIDIA GeForce RTX 3090, 15, 0, 29.93
2026/08/28 10:57:05.501, 2, NVIDIA GeForce RTX 3090, 15, 0, 25.50
2026/08/28 10:57:05.503, 3, NVIDIA GeForce RTX 3070, 5751, 94, 38.00
2026/08/28 10:57:07.665, 4, NVIDIA GeForce RTX 3070, 6173, 0, 19.48
2026/08/28 10:57:07.667, 5, NVIDIA GeForce RTX 3070, 6693, 0, 20.59
2026/08/28 10:57:08.671, 0, NVIDIA GeForce RTX 3090, 91, 0, 36.20
2026/08/28 10:57:09.311, 1, NVIDIA GeForce RTX 3090, 15, 0, 30.19
2026/08/28 10:57:09.311, 2, NVIDIA GeForce RTX 3090, 15, 0, 28.77
2026/08/28 10:57:09.311, 3, NVIDIA GeForce RTX 3070, 5751, 100, 77.69
2026/08/28 10:57:09.311, 4, NVIDIA GeForce RTX 3070, 6173, 100, 65.09
2026/08/28 10:57:09.312, 5, NVIDIA GeForce RTX 3070, 6693, 0, 20.62
2026/08/28 10:57:10.312, 0, NVIDIA GeForce RTX 3090, 91, 0, 42.72
2026/08/28 10:57:10.312, 1, NVIDIA GeForce RTX 3090, 15, 0, 29.79
2026/08/28 10:57:10.312, 2, NVIDIA GeForce RTX 3090, 15, 0, 30.26
2026/08/28 10:57:10.312, 3, NVIDIA GeForce RTX 3070, 5751, 100, 78.51
2026/08/28 10:57:12.358, 4, NVIDIA GeForce RTX 3070, 6173, 100, 65.35
2026/08/28 10:57:12.358, 5, NVIDIA GeForce RTX 3070, 6693, 0, 20.63
2026/08/28 10:57:13.358, 0, NVIDIA GeForce RTX 3090, 91, 0, 36.23
2026/08/28 10:57:13.359, 1, NVIDIA GeForce RTX 3090, 15, 0, 29.85
2026/08/28 10:57:13.367, 2, NVIDIA GeForce RTX 3090, 15, 0, 25.18
2026/08/28 10:57:13.367, 3, NVIDIA GeForce RTX 3070, 5751, 100, 78.43
2026/08/28 10:57:13.594, 4, NVIDIA GeForce RTX 3070, 6173, 100, 65.34
2026/08/28 10:57:13.594, 5, NVIDIA GeForce RTX 3070, 6693, 0, 20.59
2026/08/28 10:57:14.594, 0, NVIDIA GeForce RTX 3090, 91, 0, 35.77
2026/08/28 10:57:14.594, 1, NVIDIA GeForce RTX 3090, 15, 0, 39.61
2026/08/28 10:57:14.594, 2, NVIDIA GeForce RTX 3090, 15, 0, 25.27
2026/08/28 10:57:14.594, 3, NVIDIA GeForce RTX 3070, 5751, 100, 78.43
2026/08/28 10:57:15.710, 4, NVIDIA GeForce RTX 3070, 6173, 100, 65.32
2026/08/28 10:57:15.710, 5, NVIDIA GeForce RTX 3070, 6693, 0, 20.41
2026/08/28 10:57:16.710, 0, NVIDIA GeForce RTX 3090, 91, 1, 36.32
2026/08/28 10:57:16.711, 1, NVIDIA GeForce RTX 3090, 15, 0, 29.94
2026/08/28 10:57:16.711, 2, NVIDIA GeForce RTX 3090, 15, 0, 28.76
2026/08/28 10:57:16.711, 3, NVIDIA GeForce RTX 3070, 5751, 100, 78.86
2026/08/28 10:57:17.126, 4, NVIDIA GeForce RTX 3070, 6173, 100, 65.29
2026/08/28 10:57:17.126, 5, NVIDIA GeForce RTX 3070, 6693, 0, 20.33
2026/08/28 10:57:18.127, 0, NVIDIA GeForce RTX 3090, 91, 0, 42.91
2026/08/28 10:57:18.127, 1, NVIDIA GeForce RTX 3090, 15, 0, 29.80
2026/08/28 10:57:18.127, 2, NVIDIA GeForce RTX 3090, 15, 0, 26.71
2026/08/28 10:57:18.127, 3, NVIDIA GeForce RTX 3070, 5751, 100, 80.45
2026/08/28 10:57:19.487, 4, NVIDIA GeForce RTX 3070, 6173, 100, 65.42
2026/08/28 10:57:19.488, 5, NVIDIA GeForce RTX 3070, 6693, 0, 20.20
2026/08/28 10:57:20.489, 0, NVIDIA GeForce RTX 3090, 91, 0, 35.90
2026/08/28 10:57:20.489, 1, NVIDIA GeForce RTX 3090, 15, 0, 29.80
2026/08/28 10:57:20.489, 2, NVIDIA GeForce RTX 3090, 15, 0, 25.06
2026/08/28 10:57:20.489, 3, NVIDIA GeForce RTX 3070, 5751, 100, 79.08
2026/08/28 10:57:24.244, 4, NVIDIA GeForce RTX 3070, 6173, 100, 65.45
2026/08/28 10:57:24.252, 5, NVIDIA GeForce RTX 3070, 6693, 0, 20.38
2026/08/28 10:57:25.252, 0, NVIDIA GeForce RTX 3090, 91, 0, 43.19
2026/08/28 10:57:25.252, 1, NVIDIA GeForce RTX 3090, 15, 0, 29.83
2026/08/28 10:57:25.252, 2, NVIDIA GeForce RTX 3090, 15, 0, 26.60
2026/08/28 10:57:25.252, 3, NVIDIA GeForce RTX 3070, 5751, 100, 79.39
2026/08/28 10:57:25.252, 4, NVIDIA GeForce RTX 3070, 6173, 100, 67.77
2026/08/28 10:57:25.252, 5, NVIDIA GeForce RTX 3070, 6693, 0, 20.41
2026/08/28 10:57:26.252, 0, NVIDIA GeForce RTX 3090, 91, 0, 37.29
2026/08/28 10:57:26.252, 1, NVIDIA GeForce RTX 3090, 15, 0, 29.85
2026/08/28 10:57:26.252, 2, NVIDIA GeForce RTX 3090, 15, 0, 25.53
2026/08/28 10:57:26.252, 3, NVIDIA GeForce RTX 3070, 5751, 100, 73.52
2026/08/28 10:57:26.252, 4, NVIDIA GeForce RTX 3070, 6173, 100, 69.21
2026/08/28 10:57:26.252, 5, NVIDIA GeForce RTX 3070, 6693, 100, 34.03
2026/08/28 10:57:27.253, 0, NVIDIA GeForce RTX 3090, 91, 0, 36.28
2026/08/28 10:57:27.253, 1, NVIDIA GeForce RTX 3090, 15, 0, 29.95
2026/08/28 10:57:27.253, 2, NVIDIA GeForce RTX 3090, 15, 0, 25.24
2026/08/28 10:57:27.253, 3, NVIDIA GeForce RTX 3070, 5751, 100, 73.52
2026/08/28 10:57:27.253, 4, NVIDIA GeForce RTX 3070, 6173, 100, 69.21
2026/08/28 10:57:27.253, 5, NVIDIA GeForce RTX 3070, 6693, 100, 70.34
2026/08/28 10:57:28.253, 0, NVIDIA GeForce RTX 3090, 91, 0, 35.93
2026/08/28 10:57:28.846, 1, NVIDIA GeForce RTX 3090, 15, 0, 29.86
2026/08/28 10:57:28.846, 2, NVIDIA GeForce RTX 3090, 15, 0, 25.18
2026/08/28 10:57:28.846, 3, NVIDIA GeForce RTX 3070, 5751, 100, 73.68
2026/08/28 10:57:28.912, 4, NVIDIA GeForce RTX 3070, 6173, 100, 69.75
2026/08/28 10:57:28.912, 5, NVIDIA GeForce RTX 3070, 6693, 100, 70.66
2026/08/28 10:57:29.912, 0, NVIDIA GeForce RTX 3090, 91, 0, 36.07
2026/08/28 10:57:29.912, 1, NVIDIA GeForce RTX 3090, 15, 0, 38.14
2026/08/28 10:57:29.912, 2, NVIDIA GeForce RTX 3090, 15, 0, 25.28
2026/08/28 10:57:29.912, 3, NVIDIA GeForce RTX 3070, 5751, 100, 73.63
2026/08/28 10:57:29.912, 4, NVIDIA GeForce RTX 3070, 6173, 100, 70.16
2026/08/28 10:57:31.862, 5, NVIDIA GeForce RTX 3070, 6693, 100, 70.72
2026/08/28 10:57:32.862, 0, NVIDIA GeForce RTX 3090, 91, 0, 37.05
2026/08/28 10:57:32.862, 1, NVIDIA GeForce RTX 3090, 15, 0, 29.92
2026/08/28 10:57:32.862, 2, NVIDIA GeForce RTX 3090, 15, 0, 26.22
2026/08/28 10:57:32.862, 3, NVIDIA GeForce RTX 3070, 5751, 100, 73.75
2026/08/28 10:57:32.862, 4, NVIDIA GeForce RTX 3070, 6173, 100, 70.19
2026/08/28 10:57:32.936, 5, NVIDIA GeForce RTX 3070, 6693, 100, 70.68
2026/08/28 10:57:33.936, 0, NVIDIA GeForce RTX 3090, 91, 0, 36.28
2026/08/28 10:57:33.936, 1, NVIDIA GeForce RTX 3090, 15, 0, 29.82
2026/08/28 10:57:33.936, 2, NVIDIA GeForce RTX 3090, 15, 0, 25.24
2026/08/28 10:57:33.936, 3, NVIDIA GeForce RTX 3070, 5751, 100, 73.70
2026/08/28 10:57:33.936, 4, NVIDIA GeForce RTX 3070, 6173, 100, 70.19
2026/08/28 10:57:34.729, 5, NVIDIA GeForce RTX 3070, 6693, 100, 70.73
2026/08/28 10:57:35.729, 0, NVIDIA GeForce RTX 3090, 91, 0, 36.20
2026/08/28 10:57:35.729, 1, NVIDIA GeForce RTX 3090, 15, 0, 29.92
2026/08/28 10:57:35.729, 2, NVIDIA GeForce RTX 3090, 15, 0, 25.30
2026/08/28 10:57:35.729, 3, NVIDIA GeForce RTX 3070, 5751, 100, 73.73
2026/08/28 10:57:35.729, 4, NVIDIA GeForce RTX 3070, 6173, 100, 70.19
2026/08/28 10:57:35.785, 5, NVIDIA GeForce RTX 3070, 6693, 100, 70.67
2026/08/28 10:57:36.786, 0, NVIDIA GeForce RTX 3090, 91, 0, 36.26
2026/08/28 10:57:36.786, 1, NVIDIA GeForce RTX 3090, 15, 0, 35.05
2026/08/28 10:57:36.786, 2, NVIDIA GeForce RTX 3090, 15, 0, 25.45
2026/08/28 10:57:36.786, 3, NVIDIA GeForce RTX 3070, 5751, 100, 73.69
2026/08/28 10:57:36.786, 4, NVIDIA GeForce RTX 3070, 6173, 100, 70.35
2026/08/28 10:57:37.055, 5, NVIDIA GeForce RTX 3070, 6693, 100, 70.79
2026/08/28 10:57:38.055, 0, NVIDIA GeForce RTX 3090, 91, 1, 36.06
2026/08/28 10:57:38.055, 1, NVIDIA GeForce RTX 3090, 15, 0, 31.42
2026/08/28 10:57:38.055, 2, NVIDIA GeForce RTX 3090, 15, 0, 28.32
2026/08/28 10:57:38.055, 3, NVIDIA GeForce RTX 3070, 5751, 100, 73.66
2026/08/28 10:57:38.055, 4, NVIDIA GeForce RTX 3070, 6173, 100, 70.35
2026/08/28 10:57:40.936, 5, NVIDIA GeForce RTX 3070, 6693, 100, 70.89
2026/08/28 10:57:41.943, 0, NVIDIA GeForce RTX 3090, 91, 0, 36.26
2026/08/28 10:57:42.606, 1, NVIDIA GeForce RTX 3090, 15, 0, 29.84
2026/08/28 10:57:43.367, 2, NVIDIA GeForce RTX 3090, 15, 0, 25.40
2026/08/28 10:57:43.398, 3, NVIDIA GeForce RTX 3070, 5751, 100, 73.77
2026/08/28 10:57:43.401, 4, NVIDIA GeForce RTX 3070, 6173, 100, 70.84
2026/08/28 10:57:43.401, 5, NVIDIA GeForce RTX 3070, 6693, 100, 70.89
2026/08/28 10:57:44.401, 0, NVIDIA GeForce RTX 3090, 91, 0, 36.29
2026/08/28 10:57:44.401, 1, NVIDIA GeForce RTX 3090, 15, 0, 37.52
2026/08/28 10:57:44.401, 2, NVIDIA GeForce RTX 3090, 15, 0, 25.28
2026/08/28 10:57:44.402, 3, NVIDIA GeForce RTX 3070, 5751, 100, 73.84
2026/08/28 10:57:44.402, 4, NVIDIA GeForce RTX 3070, 6173, 100, 73.11
2026/08/28 10:57:44.402, 5, NVIDIA GeForce RTX 3070, 6693, 100, 73.47
2026/08/28 10:57:45.402, 0, NVIDIA GeForce RTX 3090, 91, 1, 36.95
2026/08/28 10:57:45.402, 1, NVIDIA GeForce RTX 3090, 15, 0, 31.25
2026/08/28 10:57:45.410, 2, NVIDIA GeForce RTX 3090, 15, 0, 29.60
2026/08/28 10:57:45.410, 3, NVIDIA GeForce RTX 3070, 5751, 100, 73.98
2026/08/28 10:57:45.410, 4, NVIDIA GeForce RTX 3070, 6173, 100, 66.61
2026/08/28 10:57:45.410, 5, NVIDIA GeForce RTX 3070, 6693, 100, 80.10
2026/08/28 10:57:48.078, 0, NVIDIA GeForce RTX 3090, 91, 0, 37.30
2026/08/28 10:57:48.078, 1, NVIDIA GeForce RTX 3090, 15, 0, 29.83
2026/08/28 10:57:48.078, 2, NVIDIA GeForce RTX 3090, 15, 0, 25.64
2026/08/28 10:57:48.078, 3, NVIDIA GeForce RTX 3070, 5751, 100, 73.92
2026/08/28 10:57:48.078, 4, NVIDIA GeForce RTX 3070, 6173, 100, 66.85
2026/08/28 10:57:48.078, 5, NVIDIA GeForce RTX 3070, 6693, 100, 76.09
2026/08/28 10:57:49.300, 0, NVIDIA GeForce RTX 3090, 91, 0, 35.81
2026/08/28 10:57:49.300, 1, NVIDIA GeForce RTX 3090, 15, 0, 29.81
2026/08/28 10:57:49.300, 2, NVIDIA GeForce RTX 3090, 15, 0, 25.23
2026/08/28 10:57:49.300, 3, NVIDIA GeForce RTX 3070, 5751, 100, 74.04
2026/08/28 10:57:49.300, 4, NVIDIA GeForce RTX 3070, 6173, 100, 66.76
2026/08/28 10:57:49.300, 5, NVIDIA GeForce RTX 3070, 6693, 100, 76.35
2026/08/28 10:57:52.721, 0, NVIDIA GeForce RTX 3090, 91, 0, 37.27
2026/08/28 10:57:52.721, 1, NVIDIA GeForce RTX 3090, 15, 0, 35.95
2026/08/28 10:57:52.721, 2, NVIDIA GeForce RTX 3090, 15, 0, 34.42
2026/08/28 10:57:52.721, 3, NVIDIA GeForce RTX 3070, 5751, 100, 74.13
2026/08/28 10:57:52.721, 4, NVIDIA GeForce RTX 3070, 6173, 100, 66.62
2026/08/28 10:57:52.721, 5, NVIDIA GeForce RTX 3070, 6693, 100, 76.50
2026/08/28 10:57:55.133, 0, NVIDIA GeForce RTX 3090, 91, 0, 37.05
2026/08/28 10:57:55.133, 1, NVIDIA GeForce RTX 3090, 15, 0, 29.94
2026/08/28 10:57:55.133, 2, NVIDIA GeForce RTX 3090, 15, 0, 25.24
2026/08/28 10:57:55.133, 3, NVIDIA GeForce RTX 3070, 5751, 100, 74.39
2026/08/28 10:57:55.133, 4, NVIDIA GeForce RTX 3070, 6173, 100, 66.68
2026/08/28 10:57:55.133, 5, NVIDIA GeForce RTX 3070, 6693, 100, 76.46
2026/08/28 10:57:56.740, 0, NVIDIA GeForce RTX 3090, 91, 0, 35.77
2026/08/28 10:57:56.740, 1, NVIDIA GeForce RTX 3090, 15, 0, 29.89
2026/08/28 10:57:56.740, 2, NVIDIA GeForce RTX 3090, 15, 0, 25.00
2026/08/28 10:57:56.740, 3, NVIDIA GeForce RTX 3070, 5751, 100, 74.42
2026/08/28 10:57:56.740, 4, NVIDIA GeForce RTX 3070, 6173, 100, 66.62
2026/08/28 10:57:56.740, 5, NVIDIA GeForce RTX 3070, 6693, 100, 76.37
2026/08/28 10:58:00.354, 0, NVIDIA GeForce RTX 3090, 91, 0, 38.81
2026/08/28 10:58:00.354, 1, NVIDIA GeForce RTX 3090, 15, 0, 39.88
2026/08/28 10:58:00.354, 2, NVIDIA GeForce RTX 3090, 15, 0, 34.62
2026/08/28 10:58:00.354, 3, NVIDIA GeForce RTX 3070, 5751, 100, 74.39
2026/08/28 10:58:00.354, 4, NVIDIA GeForce RTX 3070, 6173, 100, 66.61
2026/08/28 10:58:00.354, 5, NVIDIA GeForce RTX 3070, 6693, 100, 76.52
2026/08/28 10:58:03.453, 0, NVIDIA GeForce RTX 3090, 91, 0, 36.34
2026/08/28 10:58:03.453, 1, NVIDIA GeForce RTX 3090, 15, 0, 29.79
2026/08/28 10:58:03.453, 2, NVIDIA GeForce RTX 3090, 15, 0, 25.14
2026/08/28 10:58:03.453, 3, NVIDIA GeForce RTX 3070, 5751, 100, 80.15
2026/08/28 10:58:03.453, 4, NVIDIA GeForce RTX 3070, 6173, 100, 66.98
2026/08/28 10:58:03.453, 5, NVIDIA GeForce RTX 3070, 6693, 100, 78.08
2026/08/28 10:58:04.453, 0, NVIDIA GeForce RTX 3090, 91, 0, 36.04
2026/08/28 10:58:04.454, 1, NVIDIA GeForce RTX 3090, 15, 0, 29.93
2026/08/28 10:58:04.454, 2, NVIDIA GeForce RTX 3090, 15, 0, 25.18
2026/08/28 10:58:04.454, 3, NVIDIA GeForce RTX 3070, 5751, 100, 76.75
2026/08/28 10:58:04.454, 4, NVIDIA GeForce RTX 3070, 6173, 100, 70.04
2026/08/28 10:58:04.454, 5, NVIDIA GeForce RTX 3070, 6693, 100, 72.26
2026/08/28 10:58:05.454, 0, NVIDIA GeForce RTX 3090, 91, 0, 36.07
2026/08/28 10:58:05.454, 1, NVIDIA GeForce RTX 3090, 15, 0, 29.81
2026/08/28 10:58:05.454, 2, NVIDIA GeForce RTX 3090, 15, 0, 25.26
2026/08/28 10:58:05.454, 3, NVIDIA GeForce RTX 3070, 5751, 100, 74.78
2026/08/28 10:58:05.454, 4, NVIDIA GeForce RTX 3070, 6173, 100, 67.89
2026/08/28 10:58:05.454, 5, NVIDIA GeForce RTX 3070, 6693, 100, 75.80
2026/08/28 10:58:06.454, 0, NVIDIA GeForce RTX 3090, 91, 0, 36.13
2026/08/28 10:58:06.462, 1, NVIDIA GeForce RTX 3090, 15, 0, 34.08
2026/08/28 10:58:06.463, 2, NVIDIA GeForce RTX 3090, 15, 0, 27.09
2026/08/28 10:58:06.463, 3, NVIDIA GeForce RTX 3070, 5751, 100, 79.92
2026/08/28 10:58:06.513, 4, NVIDIA GeForce RTX 3070, 6173, 100, 67.10
2026/08/28 10:58:06.513, 5, NVIDIA GeForce RTX 3070, 6693, 100, 73.44
2026/08/28 10:58:07.513, 0, NVIDIA GeForce RTX 3090, 91, 0, 39.87
2026/08/28 10:58:07.513, 1, NVIDIA GeForce RTX 3090, 15, 0, 38.99
2026/08/28 10:58:07.513, 2, NVIDIA GeForce RTX 3090, 15, 0, 34.14
2026/08/28 10:58:07.513, 3, NVIDIA GeForce RTX 3070, 5751, 100, 76.64
2026/08/28 10:58:07.513, 4, NVIDIA GeForce RTX 3070, 6173, 100, 71.13
2026/08/28 10:58:07.530, 5, NVIDIA GeForce RTX 3070, 6693, 100, 72.56
2026/08/28 10:58:08.530, 0, NVIDIA GeForce RTX 3090, 91, 0, 40.37
2026/08/28 10:58:08.531, 1, NVIDIA GeForce RTX 3090, 15, 0, 31.81
2026/08/28 10:58:08.531, 2, NVIDIA GeForce RTX 3090, 15, 0, 26.69
2026/08/28 10:58:08.531, 3, NVIDIA GeForce RTX 3070, 5751, 100, 74.97
2026/08/28 10:58:08.531, 4, NVIDIA GeForce RTX 3070, 6173, 100, 67.66
2026/08/28 10:58:08.531, 5, NVIDIA GeForce RTX 3070, 6693, 100, 76.07
2026/08/28 10:58:09.538, 0, NVIDIA GeForce RTX 3090, 91, 0, 37.37
2026/08/28 10:58:09.538, 1, NVIDIA GeForce RTX 3090, 15, 0, 30.40
2026/08/28 10:58:09.538, 2, NVIDIA GeForce RTX 3090, 15, 0, 25.54
2026/08/28 10:58:09.538, 3, NVIDIA GeForce RTX 3070, 5751, 100, 74.97
2026/08/28 10:58:09.562, 4, NVIDIA GeForce RTX 3070, 6173, 100, 67.36
2026/08/28 10:58:10.026, 5, NVIDIA GeForce RTX 3070, 6693, 100, 72.78
2026/08/28 10:58:11.039, 0, NVIDIA GeForce RTX 3090, 91, 0, 36.20
2026/08/28 10:58:11.039, 1, NVIDIA GeForce RTX 3090, 15, 0, 29.85
2026/08/28 10:58:11.039, 2, NVIDIA GeForce RTX 3090, 15, 0, 25.19
2026/08/28 10:58:11.039, 3, NVIDIA GeForce RTX 3070, 5751, 100, 75.31
2026/08/28 10:58:11.039, 4, NVIDIA GeForce RTX 3070, 6173, 100, 70.22
2026/08/28 10:58:11.039, 5, NVIDIA GeForce RTX 3070, 6693, 100, 74.48
2026/08/28 10:58:12.039, 0, NVIDIA GeForce RTX 3090, 91, 0, 36.08
2026/08/28 10:58:12.040, 1, NVIDIA GeForce RTX 3090, 15, 0, 29.98
2026/08/28 10:58:12.040, 2, NVIDIA GeForce RTX 3090, 15, 0, 25.10
2026/08/28 10:58:12.040, 3, NVIDIA GeForce RTX 3070, 5751, 100, 76.58
2026/08/28 10:58:12.040, 4, NVIDIA GeForce RTX 3070, 6173, 100, 67.21
2026/08/28 10:58:12.040, 5, NVIDIA GeForce RTX 3070, 6693, 100, 76.00
2026/08/28 10:58:13.040, 0, NVIDIA GeForce RTX 3090, 91, 0, 36.08
2026/08/28 10:58:13.040, 1, NVIDIA GeForce RTX 3090, 15, 0, 31.41
2026/08/28 10:58:13.040, 2, NVIDIA GeForce RTX 3090, 15, 0, 25.20
2026/08/28 10:58:13.040, 3, NVIDIA GeForce RTX 3070, 5751, 100, 80.03
2026/08/28 10:58:13.040, 4, NVIDIA GeForce RTX 3070, 6173, 100, 68.09
2026/08/28 10:58:13.040, 5, NVIDIA GeForce RTX 3070, 6693, 100, 72.80
2026/08/28 10:58:14.040, 0, NVIDIA GeForce RTX 3090, 91, 0, 36.33
2026/08/28 10:58:14.043, 1, NVIDIA GeForce RTX 3090, 15, 0, 39.49
2026/08/28 10:58:14.043, 2, NVIDIA GeForce RTX 3090, 15, 0, 29.20
2026/08/28 10:58:14.043, 3, NVIDIA GeForce RTX 3070, 5751, 100, 75.78
2026/08/28 10:58:14.044, 4, NVIDIA GeForce RTX 3070, 6173, 100, 70.25
2026/08/28 10:58:14.044, 5, NVIDIA GeForce RTX 3070, 6693, 100, 72.99
2026/08/28 10:58:15.062, 0, NVIDIA GeForce RTX 3090, 91, 0, 42.59
2026/08/28 10:58:15.062, 1, NVIDIA GeForce RTX 3090, 15, 0, 31.18
2026/08/28 10:58:15.062, 2, NVIDIA GeForce RTX 3090, 15, 0, 34.51
2026/08/28 10:58:15.062, 3, NVIDIA GeForce RTX 3070, 5751, 100, 76.22
2026/08/28 10:58:15.620, 4, NVIDIA GeForce RTX 3070, 6173, 100, 67.31
2026/08/28 10:58:15.620, 5, NVIDIA GeForce RTX 3070, 6693, 100, 73.99
2026/08/28 10:58:16.620, 0, NVIDIA GeForce RTX 3090, 91, 0, 37.34
2026/08/28 10:58:16.633, 1, NVIDIA GeForce RTX 3090, 15, 0, 30.05
2026/08/28 10:58:16.635, 2, NVIDIA GeForce RTX 3090, 15, 0, 25.49
2026/08/28 10:58:16.636, 3, NVIDIA GeForce RTX 3070, 5751, 100, 76.87
2026/08/28 10:58:16.641, 4, NVIDIA GeForce RTX 3070, 6173, 100, 70.82
2026/08/28 10:58:16.643, 5, NVIDIA GeForce RTX 3070, 6693, 100, 72.90
2026/08/28 10:58:17.643, 0, NVIDIA GeForce RTX 3090, 91, 0, 36.38
2026/08/28 10:58:17.643, 1, NVIDIA GeForce RTX 3090, 15, 0, 29.80
2026/08/28 10:58:17.643, 2, NVIDIA GeForce RTX 3090, 15, 0, 25.16
2026/08/28 10:58:17.643, 3, NVIDIA GeForce RTX 3070, 5751, 100, 75.59
2026/08/28 10:58:17.643, 4, NVIDIA GeForce RTX 3070, 6173, 100, 67.97
2026/08/28 10:58:17.643, 5, NVIDIA GeForce RTX 3070, 6693, 100, 76.97
2026/08/28 10:58:18.644, 0, NVIDIA GeForce RTX 3090, 91, 0, 35.97
2026/08/28 10:58:18.644, 1, NVIDIA GeForce RTX 3090, 15, 0, 29.79
2026/08/28 10:58:18.644, 2, NVIDIA GeForce RTX 3090, 15, 0, 25.20
2026/08/28 10:58:18.644, 3, NVIDIA GeForce RTX 3070, 5751, 100, 81.55
2026/08/28 10:58:18.644, 4, NVIDIA GeForce RTX 3070, 6173, 100, 67.52
2026/08/28 10:58:18.644, 5, NVIDIA GeForce RTX 3070, 6693, 100, 73.94
2026/08/28 10:58:19.644, 0, NVIDIA GeForce RTX 3090, 91, 0, 35.94
2026/08/28 10:58:19.644, 1, NVIDIA GeForce RTX 3090, 15, 0, 29.91
2026/08/28 10:58:19.644, 2, NVIDIA GeForce RTX 3090, 15, 0, 25.40
2026/08/28 10:58:19.644, 3, NVIDIA GeForce RTX 3070, 5751, 100, 76.66
2026/08/28 10:58:19.644, 4, NVIDIA GeForce RTX 3070, 6173, 100, 70.75
2026/08/28 10:58:19.644, 5, NVIDIA GeForce RTX 3070, 6693, 100, 72.90
2026/08/28 10:58:20.644, 0, NVIDIA GeForce RTX 3090, 91, 0, 36.09
2026/08/28 10:58:20.644, 1, NVIDIA GeForce RTX 3090, 15, 0, 34.26
2026/08/28 10:58:20.644, 2, NVIDIA GeForce RTX 3090, 15, 1, 26.30
2026/08/28 10:58:20.645, 3, NVIDIA GeForce RTX 3070, 5751, 100, 75.88
2026/08/28 10:58:20.645, 4, NVIDIA GeForce RTX 3070, 6173, 100, 68.09
2026/08/28 10:58:20.645, 5, NVIDIA GeForce RTX 3070, 6693, 100, 77.13
2026/08/28 10:58:21.652, 0, NVIDIA GeForce RTX 3090, 91, 0, 38.36
2026/08/28 10:58:21.652, 1, NVIDIA GeForce RTX 3090, 15, 0, 39.74
2026/08/28 10:58:21.652, 2, NVIDIA GeForce RTX 3090, 15, 0, 34.84
2026/08/28 10:58:21.652, 3, NVIDIA GeForce RTX 3070, 5751, 100, 77.13
2026/08/28 10:58:21.677, 4, NVIDIA GeForce RTX 3070, 6173, 100, 67.60
2026/08/28 10:58:22.165, 5, NVIDIA GeForce RTX 3070, 6693, 100, 73.04
2026/08/28 10:58:23.177, 0, NVIDIA GeForce RTX 3090, 91, 0, 36.97
2026/08/28 10:58:23.178, 1, NVIDIA GeForce RTX 3090, 15, 0, 30.44
2026/08/28 10:58:23.178, 2, NVIDIA GeForce RTX 3090, 15, 0, 26.13
2026/08/28 10:58:23.178, 3, NVIDIA GeForce RTX 3070, 5751, 100, 76.03
2026/08/28 10:58:23.178, 4, NVIDIA GeForce RTX 3070, 6173, 100, 70.19
2026/08/28 10:58:23.178, 5, NVIDIA GeForce RTX 3070, 6693, 100, 74.71
2026/08/28 10:58:24.178, 0, NVIDIA GeForce RTX 3090, 91, 0, 36.12
2026/08/28 10:58:24.178, 1, NVIDIA GeForce RTX 3090, 15, 0, 29.81
2026/08/28 10:58:24.178, 2, NVIDIA GeForce RTX 3090, 15, 0, 25.17
2026/08/28 10:58:24.178, 3, NVIDIA GeForce RTX 3070, 5751, 100, 78.35
2026/08/28 10:58:24.178, 4, NVIDIA GeForce RTX 3070, 6173, 100, 67.52
2026/08/28 10:58:24.178, 5, NVIDIA GeForce RTX 3070, 6693, 100, 76.40
2026/08/28 10:58:25.178, 0, NVIDIA GeForce RTX 3090, 91, 0, 35.85
2026/08/28 10:58:25.178, 1, NVIDIA GeForce RTX 3090, 15, 0, 29.85
2026/08/28 10:58:25.178, 2, NVIDIA GeForce RTX 3090, 15, 0, 25.11
2026/08/28 10:58:25.179, 3, NVIDIA GeForce RTX 3070, 5751, 100, 79.92
2026/08/28 10:58:25.179, 4, NVIDIA GeForce RTX 3070, 6173, 100, 72.50
2026/08/28 10:58:25.179, 5, NVIDIA GeForce RTX 3070, 6693, 100, 73.06
2026/08/28 10:58:26.179, 0, NVIDIA GeForce RTX 3090, 91, 0, 35.84
2026/08/28 10:58:26.179, 1, NVIDIA GeForce RTX 3090, 15, 0, 29.97
2026/08/28 10:58:26.179, 2, NVIDIA GeForce RTX 3090, 15, 0, 25.07
2026/08/28 10:58:26.179, 3, NVIDIA GeForce RTX 3070, 5751, 100, 76.44
2026/08/28 10:58:26.179, 4, NVIDIA GeForce RTX 3070, 6173, 100, 70.79
2026/08/28 10:58:26.179, 5, NVIDIA GeForce RTX 3070, 6693, 100, 75.12
2026/08/28 10:58:27.349, 0, NVIDIA GeForce RTX 3090, 91, 0, 36.04
2026/08/28 10:58:27.349, 1, NVIDIA GeForce RTX 3090, 15, 0, 31.75
2026/08/28 10:58:27.349, 2, NVIDIA GeForce RTX 3090, 15, 0, 25.12
2026/08/28 10:58:27.349, 3, NVIDIA GeForce RTX 3070, 5751, 100, 76.49
2026/08/28 10:58:27.731, 4, NVIDIA GeForce RTX 3070, 6173, 100, 67.97
2026/08/28 10:58:28.622, 5, NVIDIA GeForce RTX 3070, 6693, 100, 73.40
2026/08/28 10:58:29.635, 0, NVIDIA GeForce RTX 3090, 91, 0, 43.04
2026/08/28 10:58:29.635, 1, NVIDIA GeForce RTX 3090, 15, 0, 31.58
2026/08/28 10:58:29.635, 2, NVIDIA GeForce RTX 3090, 15, 0, 26.87
2026/08/28 10:58:29.635, 3, NVIDIA GeForce RTX 3070, 5751, 100, 76.55
2026/08/28 10:58:29.635, 4, NVIDIA GeForce RTX 3070, 6173, 100, 69.07
2026/08/28 10:58:29.635, 5, NVIDIA GeForce RTX 3070, 6693, 100, 76.66
2026/08/28 10:58:30.636, 0, NVIDIA GeForce RTX 3090, 91, 0, 36.67
2026/08/28 10:58:30.636, 1, NVIDIA GeForce RTX 3090, 15, 0, 30.27
2026/08/28 10:58:30.636, 2, NVIDIA GeForce RTX 3090, 15, 0, 25.64
2026/08/28 10:58:30.636, 3, NVIDIA GeForce RTX 3070, 5751, 100, 78.42
2026/08/28 10:58:30.636, 4, NVIDIA GeForce RTX 3070, 6173, 100, 67.31
2026/08/28 10:58:30.636, 5, NVIDIA GeForce RTX 3070, 6693, 100, 73.83
2026/08/28 10:58:31.636, 0, NVIDIA GeForce RTX 3090, 91, 0, 35.88
2026/08/28 10:58:31.636, 1, NVIDIA GeForce RTX 3090, 15, 0, 29.85
2026/08/28 10:58:31.636, 2, NVIDIA GeForce RTX 3090, 15, 0, 25.64
2026/08/28 10:58:31.636, 3, NVIDIA GeForce RTX 3070, 5751, 100, 83.79
2026/08/28 10:58:31.636, 4, NVIDIA GeForce RTX 3070, 6173, 100, 67.60
2026/08/28 10:58:31.636, 5, NVIDIA GeForce RTX 3070, 6693, 100, 73.02
2026/08/28 10:58:32.636, 0, NVIDIA GeForce RTX 3090, 91, 0, 36.02
2026/08/28 10:58:33.670, 1, NVIDIA GeForce RTX 3090, 15, 0, 29.99
2026/08/28 10:58:33.670, 2, NVIDIA GeForce RTX 3090, 15, 0, 25.38
2026/08/28 10:58:33.671, 3, NVIDIA GeForce RTX 3070, 5751, 100, 82.45
2026/08/28 10:58:33.685, 4, NVIDIA GeForce RTX 3070, 6173, 100, 67.78
2026/08/28 10:58:33.685, 5, NVIDIA GeForce RTX 3070, 6693, 100, 72.94
2026/08/28 10:58:34.685, 0, NVIDIA GeForce RTX 3090, 91, 0, 36.14
2026/08/28 10:58:34.685, 1, NVIDIA GeForce RTX 3090, 15, 0, 32.63
2026/08/28 10:58:34.685, 2, NVIDIA GeForce RTX 3090, 15, 0, 25.23
2026/08/28 10:58:34.685, 3, NVIDIA GeForce RTX 3070, 5751, 100, 82.35
2026/08/28 10:58:34.741, 4, NVIDIA GeForce RTX 3070, 6173, 100, 67.91
2026/08/28 10:58:34.741, 5, NVIDIA GeForce RTX 3070, 6693, 100, 72.93
2026/08/28 10:58:35.741, 0, NVIDIA GeForce RTX 3090, 91, 0, 37.97
2026/08/28 10:58:35.741, 1, NVIDIA GeForce RTX 3090, 15, 0, 39.52
2026/08/28 10:58:35.741, 2, NVIDIA GeForce RTX 3090, 15, 0, 29.59
2026/08/28 10:58:35.741, 3, NVIDIA GeForce RTX 3070, 5751, 100, 84.58
2026/08/28 10:58:36.844, 4, NVIDIA GeForce RTX 3070, 6173, 100, 68.01
2026/08/28 10:58:36.844, 5, NVIDIA GeForce RTX 3070, 6693, 100, 73.07
2026/08/28 10:58:37.844, 0, NVIDIA GeForce RTX 3090, 91, 0, 37.16
2026/08/28 10:58:37.844, 1, NVIDIA GeForce RTX 3090, 15, 0, 30.19
2026/08/28 10:58:37.844, 2, NVIDIA GeForce RTX 3090, 15, 0, 25.49
2026/08/28 10:58:37.844, 3, NVIDIA GeForce RTX 3070, 5751, 100, 82.56
2026/08/28 10:58:38.488, 4, NVIDIA GeForce RTX 3070, 6173, 100, 67.85
2026/08/28 10:58:38.488, 5, NVIDIA GeForce RTX 3070, 6693, 100, 73.15
2026/08/28 10:58:39.489, 0, NVIDIA GeForce RTX 3090, 91, 0, 36.00
2026/08/28 10:58:39.489, 1, NVIDIA GeForce RTX 3090, 15, 0, 29.89
2026/08/28 10:58:39.497, 2, NVIDIA GeForce RTX 3090, 15, 0, 25.20
2026/08/28 10:58:39.497, 3, NVIDIA GeForce RTX 3070, 5751, 100, 82.63
2026/08/28 10:58:40.898, 4, NVIDIA GeForce RTX 3070, 6173, 100, 68.01
2026/08/28 10:58:40.899, 5, NVIDIA GeForce RTX 3070, 6693, 100, 73.23
2026/08/28 10:58:41.900, 0, NVIDIA GeForce RTX 3090, 91, 0, 36.13
2026/08/28 10:58:41.900, 1, NVIDIA GeForce RTX 3090, 15, 0, 30.72
2026/08/28 10:58:41.900, 2, NVIDIA GeForce RTX 3090, 15, 0, 25.23
2026/08/28 10:58:41.900, 3, NVIDIA GeForce RTX 3070, 5751, 100, 82.62
2026/08/28 10:58:45.491, 4, NVIDIA GeForce RTX 3070, 6173, 100, 67.99
2026/08/28 10:58:45.503, 5, NVIDIA GeForce RTX 3070, 6693, 100, 73.20
2026/08/28 10:58:46.503, 0, NVIDIA GeForce RTX 3090, 91, 0, 35.92
2026/08/28 10:58:46.561, 1, NVIDIA GeForce RTX 3090, 15, 0, 29.89
2026/08/28 10:58:46.750, 2, NVIDIA GeForce RTX 3090, 15, 0, 25.32
2026/08/28 10:58:46.751, 3, NVIDIA GeForce RTX 3070, 5751, 100, 82.61
2026/08/28 10:58:46.752, 4, NVIDIA GeForce RTX 3070, 6173, 100, 67.98
2026/08/28 10:58:46.752, 5, NVIDIA GeForce RTX 3070, 6693, 100, 73.25
2026/08/28 10:58:47.755, 0, NVIDIA GeForce RTX 3090, 91, 0, 35.98
2026/08/28 10:58:47.755, 1, NVIDIA GeForce RTX 3090, 15, 0, 29.97
2026/08/28 10:58:47.755, 2, NVIDIA GeForce RTX 3090, 15, 0, 25.32
2026/08/28 10:58:47.755, 3, NVIDIA GeForce RTX 3070, 5751, 100, 85.34
2026/08/28 10:58:47.755, 4, NVIDIA GeForce RTX 3070, 6173, 100, 67.92
2026/08/28 10:58:47.755, 5, NVIDIA GeForce RTX 3070, 6693, 100, 73.33
2026/08/28 10:58:48.755, 0, NVIDIA GeForce RTX 3090, 91, 0, 36.15
2026/08/28 10:58:48.755, 1, NVIDIA GeForce RTX 3090, 15, 0, 29.83
2026/08/28 10:58:48.755, 2, NVIDIA GeForce RTX 3090, 15, 0, 25.41
2026/08/28 10:58:48.755, 3, NVIDIA GeForce RTX 3070, 5751, 100, 82.80
2026/08/28 10:58:48.756, 4, NVIDIA GeForce RTX 3070, 6173, 100, 67.95
2026/08/28 10:58:48.756, 5, NVIDIA GeForce RTX 3070, 6693, 100, 73.41
2026/08/28 10:58:49.756, 0, NVIDIA GeForce RTX 3090, 91, 0, 36.23
2026/08/28 10:58:49.756, 1, NVIDIA GeForce RTX 3090, 15, 1, 30.06
2026/08/28 10:58:49.756, 2, NVIDIA GeForce RTX 3090, 15, 0, 28.72
2026/08/28 10:58:49.756, 3, NVIDIA GeForce RTX 3070, 5751, 100, 87.18
2026/08/28 10:58:49.756, 4, NVIDIA GeForce RTX 3070, 6173, 100, 67.85
2026/08/28 10:58:49.756, 5, NVIDIA GeForce RTX 3070, 6693, 100, 73.43
2026/08/28 10:58:50.756, 0, NVIDIA GeForce RTX 3090, 91, 0, 42.88
2026/08/28 10:58:50.780, 1, NVIDIA GeForce RTX 3090, 15, 0, 35.70
2026/08/28 10:58:50.858, 2, NVIDIA GeForce RTX 3090, 15, 0, 34.86
2026/08/28 10:58:50.859, 3, NVIDIA GeForce RTX 3070, 5751, 100, 78.07
2026/08/28 10:58:50.859, 4, NVIDIA GeForce RTX 3070, 6173, 100, 73.51
2026/08/28 10:58:51.440, 5, NVIDIA GeForce RTX 3070, 6693, 100, 73.41
2026/08/28 10:58:52.440, 0, NVIDIA GeForce RTX 3090, 91, 0, 36.78
2026/08/28 10:58:52.440, 1, NVIDIA GeForce RTX 3090, 15, 0, 31.61
2026/08/28 10:58:52.440, 2, NVIDIA GeForce RTX 3090, 15, 0, 25.74
2026/08/28 10:58:52.440, 3, NVIDIA GeForce RTX 3070, 5751, 100, 79.15
2026/08/28 10:58:52.440, 4, NVIDIA GeForce RTX 3070, 6173, 100, 73.51
2026/08/28 10:58:53.034, 5, NVIDIA GeForce RTX 3070, 6693, 100, 73.44
2026/08/28 10:58:54.034, 0, NVIDIA GeForce RTX 3090, 91, 0, 35.95
2026/08/28 10:58:54.034, 1, NVIDIA GeForce RTX 3090, 15, 0, 29.78
2026/08/28 10:58:54.034, 2, NVIDIA GeForce RTX 3090, 15, 0, 25.23
2026/08/28 10:58:54.034, 3, NVIDIA GeForce RTX 3070, 5751, 100, 78.34
2026/08/28 10:58:54.034, 4, NVIDIA GeForce RTX 3070, 6173, 100, 71.71
2026/08/28 10:58:54.254, 5, NVIDIA GeForce RTX 3070, 6693, 100, 73.54
2026/08/28 10:58:55.254, 0, NVIDIA GeForce RTX 3090, 91, 0, 35.83
2026/08/28 10:58:55.254, 1, NVIDIA GeForce RTX 3090, 15, 0, 29.85
2026/08/28 10:58:55.254, 2, NVIDIA GeForce RTX 3090, 15, 0, 25.32
2026/08/28 10:58:55.254, 3, NVIDIA GeForce RTX 3070, 5751, 100, 77.91
2026/08/28 10:58:55.254, 4, NVIDIA GeForce RTX 3070, 6173, 100, 71.90
2026/08/28 10:58:57.126, 5, NVIDIA GeForce RTX 3070, 6693, 100, 73.61
2026/08/28 10:58:58.126, 0, NVIDIA GeForce RTX 3090, 91, 0, 42.95
2026/08/28 10:58:58.126, 1, NVIDIA GeForce RTX 3090, 15, 0, 39.40
2026/08/28 10:58:58.126, 2, NVIDIA GeForce RTX 3090, 15, 0, 34.41
2026/08/28 10:58:58.126, 3, NVIDIA GeForce RTX 3070, 5751, 100, 76.83
2026/08/28 10:58:58.126, 4, NVIDIA GeForce RTX 3070, 6173, 100, 71.94
2026/08/28 10:58:58.273, 5, NVIDIA GeForce RTX 3070, 6693, 100, 73.56
2026/08/28 10:58:59.273, 0, NVIDIA GeForce RTX 3090, 91, 0, 37.37
2026/08/28 10:58:59.273, 1, NVIDIA GeForce RTX 3090, 15, 0, 31.23
2026/08/28 10:58:59.273, 2, NVIDIA GeForce RTX 3090, 15, 0, 26.73
2026/08/28 10:58:59.273, 3, NVIDIA GeForce RTX 3070, 5751, 100, 76.14
2026/08/28 10:58:59.273, 4, NVIDIA GeForce RTX 3070, 6173, 100, 73.87
2026/08/28 10:59:02.242, 5, NVIDIA GeForce RTX 3070, 6693, 100, 73.65
2026/08/28 10:59:03.242, 0, NVIDIA GeForce RTX 3090, 91, 0, 36.17
2026/08/28 10:59:03.972, 1, NVIDIA GeForce RTX 3090, 15, 0, 33.78
2026/08/28 10:59:04.792, 2, NVIDIA GeForce RTX 3090, 15, 0, 31.20
2026/08/28 10:59:04.792, 3, NVIDIA GeForce RTX 3070, 5751, 100, 74.70
2026/08/28 10:59:04.792, 4, NVIDIA GeForce RTX 3070, 6173, 100, 76.26
2026/08/28 10:59:04.794, 5, NVIDIA GeForce RTX 3070, 6693, 100, 73.50
2026/08/28 10:59:05.794, 0, NVIDIA GeForce RTX 3090, 91, 0, 39.88
2026/08/28 10:59:05.794, 1, NVIDIA GeForce RTX 3090, 15, 0, 39.19
2026/08/28 10:59:05.794, 2, NVIDIA GeForce RTX 3090, 15, 0, 31.81
2026/08/28 10:59:05.794, 3, NVIDIA GeForce RTX 3070, 5751, 100, 74.46
2026/08/28 10:59:05.794, 4, NVIDIA GeForce RTX 3070, 6173, 100, 71.98
2026/08/28 10:59:05.794, 5, NVIDIA GeForce RTX 3070, 6693, 100, 73.65
2026/08/28 10:59:06.795, 0, NVIDIA GeForce RTX 3090, 91, 0, 37.34
2026/08/28 10:59:06.795, 1, NVIDIA GeForce RTX 3090, 15, 0, 31.54
2026/08/28 10:59:06.803, 2, NVIDIA GeForce RTX 3090, 15, 0, 26.41
2026/08/28 10:59:06.803, 3, NVIDIA GeForce RTX 3070, 5751, 100, 74.23
2026/08/28 10:59:06.803, 4, NVIDIA GeForce RTX 3070, 6173, 100, 74.18
2026/08/28 10:59:06.803, 5, NVIDIA GeForce RTX 3070, 6693, 100, 73.68
2026/08/28 10:59:07.803, 0, NVIDIA GeForce RTX 3090, 91, 0, 36.33
2026/08/28 10:59:07.803, 1, NVIDIA GeForce RTX 3090, 15, 0, 30.21
2026/08/28 10:59:07.803, 2, NVIDIA GeForce RTX 3090, 15, 0, 25.29
2026/08/28 10:59:07.803, 3, NVIDIA GeForce RTX 3070, 5751, 100, 74.29
2026/08/28 10:59:07.803, 4, NVIDIA GeForce RTX 3070, 6173, 100, 74.18
2026/08/28 10:59:07.803, 5, NVIDIA GeForce RTX 3070, 6693, 100, 73.72
2026/08/28 10:59:08.803, 0, NVIDIA GeForce RTX 3090, 91, 0, 35.94
2026/08/28 10:59:08.840, 1, NVIDIA GeForce RTX 3090, 15, 0, 29.76
2026/08/28 10:59:08.840, 2, NVIDIA GeForce RTX 3090, 15, 0, 25.11
2026/08/28 10:59:08.842, 3, NVIDIA GeForce RTX 3070, 5751, 100, 74.10
2026/08/28 10:59:08.842, 4, NVIDIA GeForce RTX 3070, 6173, 100, 72.10
2026/08/28 10:59:08.842, 5, NVIDIA GeForce RTX 3070, 6693, 100, 73.68
2026/08/28 10:59:09.842, 0, NVIDIA GeForce RTX 3090, 91, 0, 35.95
2026/08/28 10:59:09.842, 1, NVIDIA GeForce RTX 3090, 15, 0, 29.75
2026/08/28 10:59:09.842, 2, NVIDIA GeForce RTX 3090, 15, 0, 25.27
2026/08/28 10:59:09.842, 3, NVIDIA GeForce RTX 3070, 5751, 100, 73.89
2026/08/28 10:59:09.842, 4, NVIDIA GeForce RTX 3070, 6173, 100, 75.28
2026/08/28 10:59:09.842, 5, NVIDIA GeForce RTX 3070, 6693, 100, 77.25
2026/08/28 10:59:10.998, 0, NVIDIA GeForce RTX 3090, 91, 0, 36.09
2026/08/28 10:59:10.998, 1, NVIDIA GeForce RTX 3090, 15, 0, 29.86
2026/08/28 10:59:10.998, 2, NVIDIA GeForce RTX 3090, 15, 0, 25.32
2026/08/28 10:59:10.998, 3, NVIDIA GeForce RTX 3070, 5751, 100, 73.85
2026/08/28 10:59:10.998, 4, NVIDIA GeForce RTX 3070, 6173, 100, 68.85
2026/08/28 10:59:10.998, 5, NVIDIA GeForce RTX 3070, 6693, 100, 80.86
2026/08/28 10:59:13.331, 0, NVIDIA GeForce RTX 3090, 91, 0, 40.08
2026/08/28 10:59:13.332, 1, NVIDIA GeForce RTX 3090, 15, 0, 36.09
2026/08/28 10:59:13.332, 2, NVIDIA GeForce RTX 3090, 15, 0, 31.95
2026/08/28 10:59:13.332, 3, NVIDIA GeForce RTX 3070, 5751, 100, 73.75
2026/08/28 10:59:13.332, 4, NVIDIA GeForce RTX 3070, 6173, 100, 68.86
2026/08/28 10:59:13.332, 5, NVIDIA GeForce RTX 3070, 6693, 100, 77.87
2026/08/28 10:59:14.500, 0, NVIDIA GeForce RTX 3090, 91, 0, 36.73
2026/08/28 10:59:14.501, 1, NVIDIA GeForce RTX 3090, 15, 0, 31.46
2026/08/28 10:59:14.501, 2, NVIDIA GeForce RTX 3090, 15, 0, 26.48
2026/08/28 10:59:14.501, 3, NVIDIA GeForce RTX 3070, 5751, 100, 73.60
2026/08/28 10:59:14.501, 4, NVIDIA GeForce RTX 3070, 6173, 100, 68.79
2026/08/28 10:59:14.501, 5, NVIDIA GeForce RTX 3070, 6693, 100, 78.06
2026/08/28 10:59:17.169, 0, NVIDIA GeForce RTX 3090, 91, 0, 36.18
2026/08/28 10:59:17.386, 1, NVIDIA GeForce RTX 3090, 15, 0, 29.91
2026/08/28 10:59:17.394, 2, NVIDIA GeForce RTX 3090, 15, 0, 25.20
2026/08/28 10:59:17.394, 3, NVIDIA GeForce RTX 3070, 5751, 100, 73.53
2026/08/28 10:59:17.394, 4, NVIDIA GeForce RTX 3070, 6173, 100, 68.85
2026/08/28 10:59:17.394, 5, NVIDIA GeForce RTX 3070, 6693, 100, 77.99
2026/08/28 10:59:21.555, 0, NVIDIA GeForce RTX 3090, 91, 0, 36.79
2026/08/28 10:59:21.624, 1, NVIDIA GeForce RTX 3090, 15, 0, 31.52
2026/08/28 10:59:21.800, 2, NVIDIA GeForce RTX 3090, 15, 0, 25.83
2026/08/28 10:59:21.913, 3, NVIDIA GeForce RTX 3070, 5751, 100, 72.99
2026/08/28 10:59:24.165, 4, NVIDIA GeForce RTX 3070, 6173, 100, 69.07
2026/08/28 10:59:24.469, 5, NVIDIA GeForce RTX 3070, 6693, 100, 75.77
2026/08/28 10:59:25.469, 0, NVIDIA GeForce RTX 3090, 91, 0, 36.23
2026/08/28 10:59:25.469, 1, NVIDIA GeForce RTX 3090, 15, 0, 30.01
2026/08/28 10:59:25.469, 2, NVIDIA GeForce RTX 3090, 15, 0, 25.44
2026/08/28 10:59:25.469, 3, NVIDIA GeForce RTX 3070, 5751, 100, 72.94
2026/08/28 10:59:25.469, 4, NVIDIA GeForce RTX 3070, 6173, 100, 69.01
2026/08/28 10:59:25.469, 5, NVIDIA GeForce RTX 3070, 6693, 100, 75.93
2026/08/28 10:59:26.523, 0, NVIDIA GeForce RTX 3090, 91, 0, 37.38
2026/08/28 10:59:26.524, 1, NVIDIA GeForce RTX 3090, 15, 1, 31.50
2026/08/28 10:59:26.524, 2, NVIDIA GeForce RTX 3090, 15, 0, 28.37
2026/08/28 10:59:26.524, 3, NVIDIA GeForce RTX 3070, 5751, 100, 72.97
2026/08/28 10:59:26.524, 4, NVIDIA GeForce RTX 3070, 6173, 100, 69.07
2026/08/28 10:59:26.524, 5, NVIDIA GeForce RTX 3070, 6693, 100, 79.29
2026/08/28 10:59:28.271, 0, NVIDIA GeForce RTX 3090, 91, 0, 37.33
2026/08/28 10:59:28.387, 1, NVIDIA GeForce RTX 3090, 15, 0, 31.21
2026/08/28 10:59:28.409, 2, NVIDIA GeForce RTX 3090, 15, 0, 27.06
2026/08/28 10:59:28.410, 3, NVIDIA GeForce RTX 3070, 5751, 100, 73.58
2026/08/28 10:59:28.526, 4, NVIDIA GeForce RTX 3070, 6173, 100, 69.14
2026/08/28 10:59:28.526, 5, NVIDIA GeForce RTX 3070, 6693, 100, 79.77
2026/08/28 10:59:29.527, 0, NVIDIA GeForce RTX 3090, 91, 0, 36.36
2026/08/28 10:59:29.527, 1, NVIDIA GeForce RTX 3090, 15, 0, 30.12
2026/08/28 10:59:29.527, 2, NVIDIA GeForce RTX 3090, 15, 0, 25.91
2026/08/28 10:59:29.527, 3, NVIDIA GeForce RTX 3070, 5751, 100, 76.01
2026/08/28 10:59:29.527, 4, NVIDIA GeForce RTX 3070, 6173, 100, 70.89
2026/08/28 10:59:29.595, 5, NVIDIA GeForce RTX 3070, 6693, 100, 72.47
2026/08/28 10:59:30.595, 0, NVIDIA GeForce RTX 3090, 91, 0, 36.02
2026/08/28 10:59:30.596, 1, NVIDIA GeForce RTX 3090, 15, 0, 29.93
2026/08/28 10:59:30.596, 2, NVIDIA GeForce RTX 3090, 15, 0, 25.45
2026/08/28 10:59:30.596, 3, NVIDIA GeForce RTX 3070, 5751, 100, 72.67
2026/08/28 10:59:30.596, 4, NVIDIA GeForce RTX 3070, 6173, 100, 71.89
2026/08/28 10:59:30.596, 5, NVIDIA GeForce RTX 3070, 6693, 100, 73.82
2026/08/28 10:59:31.598, 0, NVIDIA GeForce RTX 3090, 91, 0, 36.06
2026/08/28 10:59:31.598, 1, NVIDIA GeForce RTX 3090, 15, 0, 29.92
2026/08/28 10:59:31.598, 2, NVIDIA GeForce RTX 3090, 15, 0, 25.29
2026/08/28 10:59:31.598, 3, NVIDIA GeForce RTX 3070, 5751, 100, 72.63
2026/08/28 10:59:32.173, 4, NVIDIA GeForce RTX 3070, 6173, 100, 69.71
2026/08/28 10:59:32.174, 5, NVIDIA GeForce RTX 3070, 6693, 100, 73.75
2026/08/28 10:59:33.174, 0, NVIDIA GeForce RTX 3090, 91, 0, 36.21
2026/08/28 10:59:33.175, 1, NVIDIA GeForce RTX 3090, 15, 0, 30.05
2026/08/28 10:59:33.175, 2, NVIDIA GeForce RTX 3090, 15, 0, 25.32
2026/08/28 10:59:33.175, 3, NVIDIA GeForce RTX 3070, 5751, 100, 73.73
2026/08/28 10:59:33.175, 4, NVIDIA GeForce RTX 3070, 6173, 100, 72.39
2026/08/28 10:59:33.175, 5, NVIDIA GeForce RTX 3070, 6693, 100, 72.54
2026/08/28 10:59:34.175, 0, NVIDIA GeForce RTX 3090, 91, 0, 39.12
2026/08/28 10:59:34.175, 1, NVIDIA GeForce RTX 3090, 15, 0, 33.95
2026/08/28 10:59:34.175, 2, NVIDIA GeForce RTX 3090, 15, 0, 34.52
2026/08/28 10:59:34.175, 3, NVIDIA GeForce RTX 3070, 5751, 100, 72.35
2026/08/28 10:59:34.175, 4, NVIDIA GeForce RTX 3070, 6173, 100, 70.00
2026/08/28 10:59:34.175, 5, NVIDIA GeForce RTX 3070, 6693, 100, 76.18
2026/08/28 10:59:35.180, 0, NVIDIA GeForce RTX 3090, 91, 0, 42.78
2026/08/28 10:59:35.180, 1, NVIDIA GeForce RTX 3090, 15, 0, 39.85
2026/08/28 10:59:35.180, 2, NVIDIA GeForce RTX 3090, 15, 0, 34.67
2026/08/28 10:59:35.180, 3, NVIDIA GeForce RTX 3070, 5751, 100, 75.32
2026/08/28 10:59:35.180, 4, NVIDIA GeForce RTX 3070, 6173, 100, 69.68
2026/08/28 10:59:35.180, 5, NVIDIA GeForce RTX 3070, 6693, 100, 73.54
2026/08/28 10:59:36.181, 0, NVIDIA GeForce RTX 3090, 91, 0, 37.13
2026/08/28 10:59:36.198, 1, NVIDIA GeForce RTX 3090, 15, 0, 31.89
2026/08/28 10:59:36.198, 2, NVIDIA GeForce RTX 3090, 15, 0, 26.50
2026/08/28 10:59:36.198, 3, NVIDIA GeForce RTX 3070, 5751, 100, 73.05
2026/08/28 10:59:36.199, 4, NVIDIA GeForce RTX 3070, 6173, 100, 72.75
2026/08/28 10:59:36.199, 5, NVIDIA GeForce RTX 3070, 6693, 100, 72.58
2026/08/28 10:59:37.199, 0, NVIDIA GeForce RTX 3090, 91, 0, 36.33
2026/08/28 10:59:37.199, 1, NVIDIA GeForce RTX 3090, 15, 0, 30.44
2026/08/28 10:59:37.199, 2, NVIDIA GeForce RTX 3090, 15, 0, 25.35
2026/08/28 10:59:37.199, 3, NVIDIA GeForce RTX 3070, 5751, 100, 72.25
2026/08/28 10:59:37.200, 4, NVIDIA GeForce RTX 3070, 6173, 100, 70.21
2026/08/28 10:59:37.200, 5, NVIDIA GeForce RTX 3070, 6693, 100, 76.25
2026/08/28 10:59:38.206, 0, NVIDIA GeForce RTX 3090, 91, 0, 36.15
2026/08/28 10:59:38.206, 1, NVIDIA GeForce RTX 3090, 15, 0, 29.86
2026/08/28 10:59:38.206, 2, NVIDIA GeForce RTX 3090, 15, 0, 25.10
2026/08/28 10:59:38.206, 3, NVIDIA GeForce RTX 3070, 5751, 100, 72.72
2026/08/28 10:59:38.231, 4, NVIDIA GeForce RTX 3070, 6173, 100, 69.77
2026/08/28 10:59:38.719, 5, NVIDIA GeForce RTX 3070, 6693, 100, 72.75
2026/08/28 10:59:39.732, 0, NVIDIA GeForce RTX 3090, 91, 0, 36.18
2026/08/28 10:59:39.732, 1, NVIDIA GeForce RTX 3090, 15, 0, 29.98
2026/08/28 10:59:39.732, 2, NVIDIA GeForce RTX 3090, 15, 0, 25.23
2026/08/28 10:59:39.732, 3, NVIDIA GeForce RTX 3070, 5751, 100, 71.97
2026/08/28 10:59:39.732, 4, NVIDIA GeForce RTX 3070, 6173, 100, 72.25
2026/08/28 10:59:39.732, 5, NVIDIA GeForce RTX 3070, 6693, 100, 74.01
2026/08/28 10:59:40.733, 0, NVIDIA GeForce RTX 3090, 91, 1, 36.69
2026/08/28 10:59:40.733, 1, NVIDIA GeForce RTX 3090, 15, 0, 30.33
2026/08/28 10:59:40.733, 2, NVIDIA GeForce RTX 3090, 15, 0, 27.71
2026/08/28 10:59:40.733, 3, NVIDIA GeForce RTX 3070, 5751, 100, 73.04
2026/08/28 10:59:40.733, 4, NVIDIA GeForce RTX 3070, 6173, 100, 69.81
2026/08/28 10:59:40.733, 5, NVIDIA GeForce RTX 3070, 6693, 100, 75.52
2026/08/28 10:59:41.733, 0, NVIDIA GeForce RTX 3090, 91, 0, 42.99
2026/08/28 10:59:41.733, 1, NVIDIA GeForce RTX 3090, 15, 0, 39.29
2026/08/28 10:59:41.733, 2, NVIDIA GeForce RTX 3090, 15, 0, 34.92
2026/08/28 10:59:41.733, 3, NVIDIA GeForce RTX 3070, 5751, 100, 71.58
2026/08/28 10:59:41.733, 4, NVIDIA GeForce RTX 3070, 6173, 100, 71.18
2026/08/28 10:59:41.733, 5, NVIDIA GeForce RTX 3070, 6693, 100, 72.73
2026/08/28 10:59:42.734, 0, NVIDIA GeForce RTX 3090, 91, 0, 36.87
2026/08/28 10:59:42.734, 1, NVIDIA GeForce RTX 3090, 15, 0, 31.55
2026/08/28 10:59:42.734, 2, NVIDIA GeForce RTX 3090, 15, 0, 26.04
2026/08/28 10:59:42.734, 3, NVIDIA GeForce RTX 3070, 5751, 100, 69.17
2026/08/28 10:59:42.734, 4, NVIDIA GeForce RTX 3070, 6173, 100, 71.78
2026/08/28 10:59:42.734, 5, NVIDIA GeForce RTX 3070, 6693, 100, 73.62
2026/08/28 10:59:43.734, 0, NVIDIA GeForce RTX 3090, 91, 0, 36.19
2026/08/28 10:59:43.743, 1, NVIDIA GeForce RTX 3090, 15, 0, 30.28
2026/08/28 10:59:43.743, 2, NVIDIA GeForce RTX 3090, 15, 0, 25.09
2026/08/28 10:59:43.743, 3, NVIDIA GeForce RTX 3070, 5751, 100, 69.65
2026/08/28 10:59:44.283, 4, NVIDIA GeForce RTX 3070, 6173, 100, 70.06
2026/08/28 10:59:44.283, 5, NVIDIA GeForce RTX 3070, 6693, 100, 73.68
2026/08/28 10:59:45.285, 0, NVIDIA GeForce RTX 3090, 91, 0, 36.08
2026/08/28 10:59:45.285, 1, NVIDIA GeForce RTX 3090, 15, 0, 29.92
2026/08/28 10:59:45.285, 2, NVIDIA GeForce RTX 3090, 15, 0, 25.03
2026/08/28 10:59:45.285, 3, NVIDIA GeForce RTX 3070, 5751, 100, 69.80
2026/08/28 10:59:45.285, 4, NVIDIA GeForce RTX 3070, 6173, 100, 72.50
2026/08/28 10:59:45.285, 5, NVIDIA GeForce RTX 3070, 6693, 100, 72.54
2026/08/28 10:59:46.285, 0, NVIDIA GeForce RTX 3090, 91, 0, 35.99
2026/08/28 10:59:46.285, 1, NVIDIA GeForce RTX 3090, 15, 0, 29.91
2026/08/28 10:59:46.285, 2, NVIDIA GeForce RTX 3090, 15, 0, 25.12
2026/08/28 10:59:46.285, 3, NVIDIA GeForce RTX 3070, 5751, 100, 68.83
2026/08/28 10:59:46.285, 4, NVIDIA GeForce RTX 3070, 6173, 100, 70.66
2026/08/28 10:59:46.285, 5, NVIDIA GeForce RTX 3070, 6693, 100, 76.34
2026/08/28 10:59:47.287, 0, NVIDIA GeForce RTX 3090, 91, 0, 36.03
2026/08/28 10:59:47.288, 1, NVIDIA GeForce RTX 3090, 15, 0, 30.01
2026/08/28 10:59:47.288, 2, NVIDIA GeForce RTX 3090, 15, 0, 25.34
2026/08/28 10:59:47.288, 3, NVIDIA GeForce RTX 3070, 5751, 100, 71.59
2026/08/28 10:59:47.288, 4, NVIDIA GeForce RTX 3070, 6173, 100, 70.08
2026/08/28 10:59:47.288, 5, NVIDIA GeForce RTX 3070, 6693, 100, 73.75
2026/08/28 10:59:48.288, 0, NVIDIA GeForce RTX 3090, 91, 0, 38.18
2026/08/28 10:59:48.307, 1, NVIDIA GeForce RTX 3090, 15, 0, 32.65
2026/08/28 10:59:48.308, 2, NVIDIA GeForce RTX 3090, 15, 0, 29.07
2026/08/28 10:59:48.308, 3, NVIDIA GeForce RTX 3070, 5751, 100, 70.35
2026/08/28 10:59:48.309, 4, NVIDIA GeForce RTX 3070, 6173, 100, 73.00
2026/08/28 10:59:48.309, 5, NVIDIA GeForce RTX 3070, 6693, 100, 72.73
2026/08/28 10:59:49.309, 0, NVIDIA GeForce RTX 3090, 91, 0, 43.08
2026/08/28 10:59:49.309, 1, NVIDIA GeForce RTX 3090, 15, 0, 39.53
2026/08/28 10:59:49.309, 2, NVIDIA GeForce RTX 3090, 15, 0, 34.82
2026/08/28 10:59:49.309, 3, NVIDIA GeForce RTX 3070, 5751, 100, 71.34
2026/08/28 10:59:49.309, 4, NVIDIA GeForce RTX 3070, 6173, 100, 70.63
2026/08/28 10:59:49.309, 5, NVIDIA GeForce RTX 3070, 6693, 100, 75.65
2026/08/28 10:59:50.313, 0, NVIDIA GeForce RTX 3090, 91, 0, 37.24
2026/08/28 10:59:50.313, 1, NVIDIA GeForce RTX 3090, 15, 0, 31.24
2026/08/28 10:59:50.313, 2, NVIDIA GeForce RTX 3090, 15, 0, 26.77
2026/08/28 10:59:50.313, 3, NVIDIA GeForce RTX 3070, 5751, 100, 71.57
2026/08/28 10:59:50.340, 4, NVIDIA GeForce RTX 3070, 6173, 100, 70.13
2026/08/28 10:59:50.942, 5, NVIDIA GeForce RTX 3070, 6693, 100, 72.92
2026/08/28 10:59:51.956, 0, NVIDIA GeForce RTX 3090, 91, 0, 35.84
2026/08/28 10:59:51.956, 1, NVIDIA GeForce RTX 3090, 15, 0, 29.79
2026/08/28 10:59:51.956, 2, NVIDIA GeForce RTX 3090, 15, 0, 25.02
2026/08/28 10:59:51.957, 3, NVIDIA GeForce RTX 3070, 5751, 100, 68.70
2026/08/28 10:59:51.957, 4, NVIDIA GeForce RTX 3070, 6173, 100, 71.95
2026/08/28 10:59:51.957, 5, NVIDIA GeForce RTX 3070, 6693, 100, 74.65
2026/08/28 10:59:52.957, 0, NVIDIA GeForce RTX 3090, 91, 0, 35.74
2026/08/28 10:59:52.957, 1, NVIDIA GeForce RTX 3090, 15, 0, 29.74
2026/08/28 10:59:52.957, 2, NVIDIA GeForce RTX 3090, 15, 0, 25.06
2026/08/28 10:59:52.957, 3, NVIDIA GeForce RTX 3070, 5751, 100, 72.57
2026/08/28 10:59:52.957, 4, NVIDIA GeForce RTX 3070, 6173, 100, 69.97
2026/08/28 10:59:52.957, 5, NVIDIA GeForce RTX 3070, 6693, 100, 75.53
2026/08/28 10:59:53.957, 0, NVIDIA GeForce RTX 3090, 91, 0, 35.86
2026/08/28 10:59:53.957, 1, NVIDIA GeForce RTX 3090, 15, 0, 29.80
2026/08/28 10:59:53.965, 2, NVIDIA GeForce RTX 3090, 15, 0, 25.23
2026/08/28 10:59:53.965, 3, NVIDIA GeForce RTX 3070, 5751, 100, 73.09
2026/08/28 10:59:53.965, 4, NVIDIA GeForce RTX 3070, 6173, 100, 73.84
2026/08/28 10:59:53.965, 5, NVIDIA GeForce RTX 3070, 6693, 100, 72.96
2026/08/28 10:59:54.966, 0, NVIDIA GeForce RTX 3090, 91, 0, 35.87
2026/08/28 10:59:54.976, 1, NVIDIA GeForce RTX 3090, 15, 0, 29.71
2026/08/28 10:59:54.976, 2, NVIDIA GeForce RTX 3090, 15, 0, 27.23
2026/08/28 10:59:54.976, 3, NVIDIA GeForce RTX 3070, 5751, 100, 71.15
2026/08/28 10:59:54.976, 4, NVIDIA GeForce RTX 3070, 6173, 100, 71.75
2026/08/28 10:59:54.976, 5, NVIDIA GeForce RTX 3070, 6693, 100, 73.96
2026/08/28 10:59:56.042, 0, NVIDIA GeForce RTX 3090, 91, 0, 42.22
2026/08/28 10:59:56.043, 1, NVIDIA GeForce RTX 3090, 15, 0, 39.72
2026/08/28 10:59:56.043, 2, NVIDIA GeForce RTX 3090, 15, 0, 34.40
2026/08/28 10:59:56.043, 3, NVIDIA GeForce RTX 3070, 5751, 100, 71.19
2026/08/28 10:59:56.393, 4, NVIDIA GeForce RTX 3070, 6173, 100, 70.18
2026/08/28 10:59:56.396, 5, NVIDIA GeForce RTX 3070, 6693, 100, 74.16
2026/08/28 10:59:57.396, 0, NVIDIA GeForce RTX 3090, 91, 0, 36.61
2026/08/28 10:59:57.402, 1, NVIDIA GeForce RTX 3090, 15, 0, 30.87
2026/08/28 10:59:57.404, 2, NVIDIA GeForce RTX 3090, 15, 0, 26.45
2026/08/28 10:59:57.405, 3, NVIDIA GeForce RTX 3070, 5751, 100, 71.69
2026/08/28 10:59:57.408, 4, NVIDIA GeForce RTX 3070, 6173, 100, 72.69
2026/08/28 10:59:57.410, 5, NVIDIA GeForce RTX 3070, 6693, 100, 73.12
2026/08/28 10:59:58.410, 0, NVIDIA GeForce RTX 3090, 91, 0, 35.93
2026/08/28 10:59:58.410, 1, NVIDIA GeForce RTX 3090, 15, 0, 29.87
2026/08/28 10:59:58.410, 2, NVIDIA GeForce RTX 3090, 15, 0, 25.34
2026/08/28 10:59:58.410, 3, NVIDIA GeForce RTX 3070, 5751, 100, 70.73
2026/08/28 10:59:58.410, 4, NVIDIA GeForce RTX 3070, 6173, 100, 70.59
2026/08/28 10:59:58.410, 5, NVIDIA GeForce RTX 3070, 6693, 100, 76.54
2026/08/28 10:59:59.410, 0, NVIDIA GeForce RTX 3090, 91, 0, 36.01
2026/08/28 10:59:59.410, 1, NVIDIA GeForce RTX 3090, 15, 0, 29.78
2026/08/28 10:59:59.410, 2, NVIDIA GeForce RTX 3090, 15, 0, 25.05
2026/08/28 10:59:59.410, 3, NVIDIA GeForce RTX 3070, 5751, 100, 72.79
2026/08/28 10:59:59.410, 4, NVIDIA GeForce RTX 3070, 6193, 100, 69.90
2026/08/28 10:59:59.411, 5, NVIDIA GeForce RTX 3070, 6713, 100, 73.14
2026/08/28 11:00:00.411, 0, NVIDIA GeForce RTX 3090, 91, 0, 37.86
2026/08/28 11:00:00.411, 1, NVIDIA GeForce RTX 3090, 15, 0, 29.76
2026/08/28 11:00:00.411, 2, NVIDIA GeForce RTX 3090, 15, 0, 25.03
2026/08/28 11:00:00.411, 3, NVIDIA GeForce RTX 3070, 5751, 100, 73.68
2026/08/28 11:00:00.411, 4, NVIDIA GeForce RTX 3070, 6193, 100, 70.28
2026/08/28 11:00:00.411, 5, NVIDIA GeForce RTX 3070, 6713, 100, 72.76
2026/08/28 11:00:01.411, 0, NVIDIA GeForce RTX 3090, 91, 0, 36.95
2026/08/28 11:00:02.370, 1, NVIDIA GeForce RTX 3090, 15, 0, 29.88
2026/08/28 11:00:02.370, 2, NVIDIA GeForce RTX 3090, 15, 0, 25.08
2026/08/28 11:00:02.370, 3, NVIDIA GeForce RTX 3070, 5751, 100, 73.76
2026/08/28 11:00:02.384, 4, NVIDIA GeForce RTX 3070, 6193, 100, 70.14
2026/08/28 11:00:02.384, 5, NVIDIA GeForce RTX 3070, 6713, 100, 72.72
2026/08/28 11:00:03.384, 0, NVIDIA GeForce RTX 3090, 91, 0, 41.71
2026/08/28 11:00:03.384, 1, NVIDIA GeForce RTX 3090, 15, 0, 38.35
2026/08/28 11:00:03.384, 2, NVIDIA GeForce RTX 3090, 15, 0, 31.67
2026/08/28 11:00:03.384, 3, NVIDIA GeForce RTX 3070, 5751, 100, 73.50
2026/08/28 11:00:03.439, 4, NVIDIA GeForce RTX 3070, 6193, 100, 70.16
2026/08/28 11:00:03.439, 5, NVIDIA GeForce RTX 3070, 6713, 100, 72.85
2026/08/28 11:00:04.439, 0, NVIDIA GeForce RTX 3090, 91, 0, 37.56
2026/08/28 11:00:04.439, 1, NVIDIA GeForce RTX 3090, 15, 0, 31.80
2026/08/28 11:00:04.447, 2, NVIDIA GeForce RTX 3090, 15, 0, 26.62
2026/08/28 11:00:04.447, 3, NVIDIA GeForce RTX 3070, 5751, 100, 75.53
2026/08/28 11:00:06.042, 4, NVIDIA GeForce RTX 3070, 6193, 100, 70.23
2026/08/28 11:00:06.042, 5, NVIDIA GeForce RTX 3070, 6713, 100, 72.84
2026/08/28 11:00:07.042, 0, NVIDIA GeForce RTX 3090, 91, 0, 36.10
2026/08/28 11:00:07.042, 1, NVIDIA GeForce RTX 3090, 15, 0, 29.89
2026/08/28 11:00:07.042, 2, NVIDIA GeForce RTX 3090, 15, 0, 25.15
2026/08/28 11:00:07.042, 3, NVIDIA GeForce RTX 3070, 5751, 100, 73.51
2026/08/28 11:00:07.236, 4, NVIDIA GeForce RTX 3070, 6193, 100, 70.16
2026/08/28 11:00:07.236, 5, NVIDIA GeForce RTX 3070, 6713, 100, 72.76
2026/08/28 11:00:08.236, 0, NVIDIA GeForce RTX 3090, 91, 0, 36.05
2026/08/28 11:00:08.236, 1, NVIDIA GeForce RTX 3090, 15, 0, 29.85
2026/08/28 11:00:08.236, 2, NVIDIA GeForce RTX 3090, 15, 0, 25.16
2026/08/28 11:00:08.236, 3, NVIDIA GeForce RTX 3070, 5751, 100, 75.58
2026/08/28 11:00:09.992, 4, NVIDIA GeForce RTX 3070, 6193, 100, 69.98
2026/08/28 11:00:09.993, 5, NVIDIA GeForce RTX 3070, 6713, 100, 72.75
2026/08/28 11:00:10.993, 0, NVIDIA GeForce RTX 3090, 91, 0, 38.02
2026/08/28 11:00:10.993, 1, NVIDIA GeForce RTX 3090, 15, 0, 32.95
2026/08/28 11:00:10.993, 2, NVIDIA GeForce RTX 3090, 15, 0, 28.54
2026/08/28 11:00:10.993, 3, NVIDIA GeForce RTX 3070, 5751, 100, 73.54
2026/08/28 11:00:13.326, 4, NVIDIA GeForce RTX 3070, 6193, 100, 70.30
2026/08/28 11:00:13.337, 5, NVIDIA GeForce RTX 3070, 6713, 100, 72.84
2026/08/28 11:00:14.343, 0, NVIDIA GeForce RTX 3090, 91, 0, 36.23
2026/08/28 11:00:15.078, 1, NVIDIA GeForce RTX 3090, 15, 0, 29.95
2026/08/28 11:00:15.091, 2, NVIDIA GeForce RTX 3090, 15, 0, 25.23
2026/08/28 11:00:15.092, 3, NVIDIA GeForce RTX 3070, 5751, 100, 73.31
2026/08/28 11:00:15.093, 4, NVIDIA GeForce RTX 3070, 6193, 100, 70.23
2026/08/28 11:00:15.095, 5, NVIDIA GeForce RTX 3070, 6713, 100, 72.93
2026/08/28 11:00:16.097, 0, NVIDIA GeForce RTX 3090, 91, 0, 36.26
2026/08/28 11:00:16.097, 1, NVIDIA GeForce RTX 3090, 15, 0, 29.95
2026/08/28 11:00:16.097, 2, NVIDIA GeForce RTX 3090, 15, 0, 25.34
2026/08/28 11:00:16.097, 3, NVIDIA GeForce RTX 3070, 5751, 100, 75.29
2026/08/28 11:00:16.097, 4, NVIDIA GeForce RTX 3070, 6193, 100, 70.36
2026/08/28 11:00:16.097, 5, NVIDIA GeForce RTX 3070, 6713, 100, 73.03
2026/08/28 11:00:17.097, 0, NVIDIA GeForce RTX 3090, 91, 0, 36.26
2026/08/28 11:00:17.098, 1, NVIDIA GeForce RTX 3090, 15, 0, 30.05
2026/08/28 11:00:17.098, 2, NVIDIA GeForce RTX 3090, 15, 0, 25.51
2026/08/28 11:00:17.098, 3, NVIDIA GeForce RTX 3070, 5751, 100, 75.29
2026/08/28 11:00:17.098, 4, NVIDIA GeForce RTX 3070, 6193, 100, 70.25
2026/08/28 11:00:17.098, 5, NVIDIA GeForce RTX 3070, 6713, 100, 73.01
2026/08/28 11:00:18.098, 0, NVIDIA GeForce RTX 3090, 91, 0, 36.23
2026/08/28 11:00:18.098, 1, NVIDIA GeForce RTX 3090, 15, 0, 33.29
2026/08/28 11:00:18.098, 2, NVIDIA GeForce RTX 3090, 15, 0, 25.31
2026/08/28 11:00:18.098, 3, NVIDIA GeForce RTX 3070, 5751, 100, 73.14
2026/08/28 11:00:18.098, 4, NVIDIA GeForce RTX 3070, 6193, 100, 70.10
2026/08/28 11:00:18.098, 5, NVIDIA GeForce RTX 3070, 6713, 100, 72.91
2026/08/28 11:00:19.098, 0, NVIDIA GeForce RTX 3090, 91, 0, 38.25
2026/08/28 11:00:19.098, 1, NVIDIA GeForce RTX 3090, 15, 0, 40.25
2026/08/28 11:00:19.098, 2, NVIDIA GeForce RTX 3090, 15, 0, 31.00
2026/08/28 11:00:19.098, 3, NVIDIA GeForce RTX 3070, 5751, 100, 75.42
2026/08/28 11:00:19.098, 4, NVIDIA GeForce RTX 3070, 6193, 100, 70.11
2026/08/28 11:00:19.103, 5, NVIDIA GeForce RTX 3070, 6713, 100, 72.86
2026/08/28 11:00:20.103, 0, NVIDIA GeForce RTX 3090, 91, 0, 42.78
2026/08/28 11:00:20.103, 1, NVIDIA GeForce RTX 3090, 15, 0, 31.25
2026/08/28 11:00:20.104, 2, NVIDIA GeForce RTX 3090, 15, 0, 31.58
2026/08/28 11:00:20.104, 3, NVIDIA GeForce RTX 3070, 5751, 100, 70.08
2026/08/28 11:00:20.104, 4, NVIDIA GeForce RTX 3070, 6193, 100, 74.91
2026/08/28 11:00:21.516, 5, NVIDIA GeForce RTX 3070, 6713, 100, 73.16
2026/08/28 11:00:22.516, 0, NVIDIA GeForce RTX 3090, 91, 0, 36.18
2026/08/28 11:00:22.517, 1, NVIDIA GeForce RTX 3090, 15, 0, 29.82
2026/08/28 11:00:22.517, 2, NVIDIA GeForce RTX 3090, 15, 0, 25.08
2026/08/28 11:00:22.517, 3, NVIDIA GeForce RTX 3070, 5751, 100, 69.64
2026/08/28 11:00:22.517, 4, NVIDIA GeForce RTX 3070, 6193, 100, 72.93
2026/08/28 11:00:22.627, 5, NVIDIA GeForce RTX 3070, 6713, 100, 73.14
2026/08/28 11:00:23.628, 0, NVIDIA GeForce RTX 3090, 91, 0, 36.03
2026/08/28 11:00:23.628, 1, NVIDIA GeForce RTX 3090, 15, 0, 29.95
2026/08/28 11:00:23.628, 2, NVIDIA GeForce RTX 3090, 15, 0, 25.09
2026/08/28 11:00:23.628, 3, NVIDIA GeForce RTX 3070, 5751, 100, 69.77
2026/08/28 11:00:23.628, 4, NVIDIA GeForce RTX 3070, 6193, 100, 75.13
2026/08/28 11:00:27.090, 5, NVIDIA GeForce RTX 3070, 6713, 100, 73.27
2026/08/28 11:00:28.095, 0, NVIDIA GeForce RTX 3090, 91, 0, 40.22
2026/08/28 11:00:28.095, 1, NVIDIA GeForce RTX 3090, 15, 0, 29.88
2026/08/28 11:00:28.096, 2, NVIDIA GeForce RTX 3090, 15, 0, 26.94
2026/08/28 11:00:28.096, 3, NVIDIA GeForce RTX 3070, 5751, 100, 69.83
2026/08/28 11:00:28.096, 4, NVIDIA GeForce RTX 3070, 6193, 100, 73.47
2026/08/28 11:00:28.096, 5, NVIDIA GeForce RTX 3070, 6713, 100, 73.33
2026/08/28 11:00:29.096, 0, NVIDIA GeForce RTX 3090, 91, 0, 36.84
2026/08/28 11:00:29.096, 1, NVIDIA GeForce RTX 3090, 15, 0, 29.85
2026/08/28 11:00:29.096, 2, NVIDIA GeForce RTX 3090, 15, 0, 25.66
2026/08/28 11:00:29.096, 3, NVIDIA GeForce RTX 3070, 5751, 100, 69.82
2026/08/28 11:00:29.096, 4, NVIDIA GeForce RTX 3070, 6193, 100, 74.24
2026/08/28 11:00:29.096, 5, NVIDIA GeForce RTX 3070, 6713, 100, 73.34
2026/08/28 11:00:30.096, 0, NVIDIA GeForce RTX 3090, 91, 0, 36.11
2026/08/28 11:00:30.096, 1, NVIDIA GeForce RTX 3090, 15, 0, 29.89
2026/08/28 11:00:30.096, 2, NVIDIA GeForce RTX 3090, 15, 0, 25.16
2026/08/28 11:00:30.096, 3, NVIDIA GeForce RTX 3070, 5751, 100, 69.75
2026/08/28 11:00:30.096, 4, NVIDIA GeForce RTX 3070, 6193, 100, 73.16
2026/08/28 11:00:30.096, 5, NVIDIA GeForce RTX 3070, 6713, 100, 73.29
2026/08/28 11:00:31.097, 0, NVIDIA GeForce RTX 3090, 91, 0, 36.00
2026/08/28 11:00:31.106, 1, NVIDIA GeForce RTX 3090, 15, 0, 29.99
2026/08/28 11:00:31.106, 2, NVIDIA GeForce RTX 3090, 15, 0, 25.19
2026/08/28 11:00:31.106, 3, NVIDIA GeForce RTX 3070, 5751, 100, 69.68
2026/08/28 11:00:31.106, 4, NVIDIA GeForce RTX 3070, 6193, 100, 73.12
2026/08/28 11:00:31.107, 5, NVIDIA GeForce RTX 3070, 6713, 100, 73.45
2026/08/28 11:00:32.107, 0, NVIDIA GeForce RTX 3090, 91, 0, 35.95
2026/08/28 11:00:32.107, 1, NVIDIA GeForce RTX 3090, 15, 0, 31.84
2026/08/28 11:00:32.107, 2, NVIDIA GeForce RTX 3090, 15, 0, 25.44
2026/08/28 11:00:32.108, 3, NVIDIA GeForce RTX 3070, 5751, 100, 69.72
2026/08/28 11:00:32.108, 4, NVIDIA GeForce RTX 3070, 6193, 100, 75.45
2026/08/28 11:00:33.008, 5, NVIDIA GeForce RTX 3070, 6713, 100, 73.55
2026/08/28 11:00:34.008, 0, NVIDIA GeForce RTX 3090, 91, 1, 36.98
2026/08/28 11:00:34.008, 1, NVIDIA GeForce RTX 3090, 15, 0, 31.72
2026/08/28 11:00:34.008, 2, NVIDIA GeForce RTX 3090, 15, 0, 34.56
2026/08/28 11:00:34.008, 3, NVIDIA GeForce RTX 3070, 5751, 100, 69.57
2026/08/28 11:00:34.008, 4, NVIDIA GeForce RTX 3070, 6193, 100, 73.24
2026/08/28 11:00:34.545, 5, NVIDIA GeForce RTX 3070, 6713, 100, 73.50
2026/08/28 11:00:35.545, 0, NVIDIA GeForce RTX 3090, 91, 0, 43.15
2026/08/28 11:00:35.545, 1, NVIDIA GeForce RTX 3090, 15, 0, 30.37
2026/08/28 11:00:35.545, 2, NVIDIA GeForce RTX 3090, 15, 0, 26.66
2026/08/28 11:00:35.545, 3, NVIDIA GeForce RTX 3070, 5751, 100, 69.71
2026/08/28 11:00:35.545, 4, NVIDIA GeForce RTX 3070, 6193, 100, 72.81
2026/08/28 11:00:37.006, 5, NVIDIA GeForce RTX 3070, 6713, 100, 73.47
2026/08/28 11:00:38.006, 0, NVIDIA GeForce RTX 3090, 91, 0, 35.95
2026/08/28 11:00:38.553, 1, NVIDIA GeForce RTX 3090, 15, 0, 29.76
2026/08/28 11:00:38.801, 2, NVIDIA GeForce RTX 3090, 15, 0, 25.33
2026/08/28 11:00:38.801, 3, NVIDIA GeForce RTX 3070, 5751, 100, 69.50
2026/08/28 11:00:38.801, 4, NVIDIA GeForce RTX 3070, 6193, 100, 76.18
2026/08/28 11:00:38.801, 5, NVIDIA GeForce RTX 3070, 6713, 100, 75.43
2026/08/28 11:00:39.801, 0, NVIDIA GeForce RTX 3090, 91, 0, 36.00
2026/08/28 11:00:39.801, 1, NVIDIA GeForce RTX 3090, 15, 0, 34.27
2026/08/28 11:00:39.801, 2, NVIDIA GeForce RTX 3090, 15, 0, 25.59
2026/08/28 11:00:39.802, 3, NVIDIA GeForce RTX 3070, 5751, 100, 69.46
2026/08/28 11:00:39.802, 4, NVIDIA GeForce RTX 3070, 6193, 100, 69.30
2026/08/28 11:00:39.802, 5, NVIDIA GeForce RTX 3070, 6713, 100, 77.27
2026/08/28 11:00:42.489, 0, NVIDIA GeForce RTX 3090, 91, 0, 42.67
2026/08/28 11:00:42.510, 1, NVIDIA GeForce RTX 3090, 15, 0, 30.13
2026/08/28 11:00:42.753, 2, NVIDIA GeForce RTX 3090, 15, 0, 26.41
2026/08/28 11:00:42.775, 3, NVIDIA GeForce RTX 3070, 5751, 100, 69.24
2026/08/28 11:00:42.776, 4, NVIDIA GeForce RTX 3070, 6193, 100, 68.67
2026/08/28 11:00:42.776, 5, NVIDIA GeForce RTX 3070, 6713, 100, 76.97
2026/08/28 11:00:43.776, 0, NVIDIA GeForce RTX 3090, 91, 0, 37.13
2026/08/28 11:00:43.776, 1, NVIDIA GeForce RTX 3090, 15, 0, 29.82
2026/08/28 11:00:43.776, 2, NVIDIA GeForce RTX 3090, 15, 0, 25.43
2026/08/28 11:00:43.776, 3, NVIDIA GeForce RTX 3070, 5751, 100, 69.30
2026/08/28 11:00:43.776, 4, NVIDIA GeForce RTX 3070, 6193, 100, 68.62
2026/08/28 11:00:43.776, 5, NVIDIA GeForce RTX 3070, 6713, 100, 79.29
2026/08/28 11:00:45.823, 0, NVIDIA GeForce RTX 3090, 91, 0, 36.11
2026/08/28 11:00:45.823, 1, NVIDIA GeForce RTX 3090, 15, 0, 29.91
2026/08/28 11:00:45.823, 2, NVIDIA GeForce RTX 3090, 15, 0, 25.52
2026/08/28 11:00:45.823, 3, NVIDIA GeForce RTX 3070, 5751, 100, 69.05
2026/08/28 11:00:45.823, 4, NVIDIA GeForce RTX 3070, 6193, 100, 68.16
2026/08/28 11:00:45.823, 5, NVIDIA GeForce RTX 3070, 6713, 100, 77.31
2026/08/28 11:00:47.437, 0, NVIDIA GeForce RTX 3090, 91, 0, 36.13
2026/08/28 11:00:47.437, 1, NVIDIA GeForce RTX 3090, 15, 0, 35.68
2026/08/28 11:00:47.437, 2, NVIDIA GeForce RTX 3090, 15, 0, 28.42
2026/08/28 11:00:47.437, 3, NVIDIA GeForce RTX 3070, 5751, 100, 69.25
2026/08/28 11:00:47.437, 4, NVIDIA GeForce RTX 3070, 6193, 100, 67.78
2026/08/28 11:00:47.437, 5, NVIDIA GeForce RTX 3070, 6713, 100, 79.73
2026/08/28 11:00:50.435, 0, NVIDIA GeForce RTX 3090, 91, 0, 36.80
2026/08/28 11:00:50.436, 1, NVIDIA GeForce RTX 3090, 15, 0, 29.98
2026/08/28 11:00:50.436, 2, NVIDIA GeForce RTX 3090, 15, 0, 25.61
2026/08/28 11:00:50.436, 3, NVIDIA GeForce RTX 3070, 5751, 100, 69.35
2026/08/28 11:00:50.436, 4, NVIDIA GeForce RTX 3070, 6193, 100, 67.61
2026/08/28 11:00:50.436, 5, NVIDIA GeForce RTX 3070, 6713, 100, 77.02
2026/08/28 11:00:51.452, 0, NVIDIA GeForce RTX 3090, 91, 0, 36.04
2026/08/28 11:00:51.452, 1, NVIDIA GeForce RTX 3090, 15, 0, 29.79
2026/08/28 11:00:51.453, 2, NVIDIA GeForce RTX 3090, 15, 0, 25.12
2026/08/28 11:00:51.453, 3, NVIDIA GeForce RTX 3070, 5751, 100, 69.29
2026/08/28 11:00:51.453, 4, NVIDIA GeForce RTX 3070, 6193, 100, 67.47
2026/08/28 11:00:51.453, 5, NVIDIA GeForce RTX 3070, 6713, 100, 80.41
2026/08/28 11:00:55.793, 0, NVIDIA GeForce RTX 3090, 91, 0, 35.89
2026/08/28 11:00:56.498, 1, NVIDIA GeForce RTX 3090, 15, 0, 30.32
2026/08/28 11:00:57.312, 2, NVIDIA GeForce RTX 3090, 15, 0, 25.68
2026/08/28 11:00:57.314, 3, NVIDIA GeForce RTX 3070, 5751, 100, 69.25
2026/08/28 11:00:57.315, 4, NVIDIA GeForce RTX 3070, 6193, 100, 66.72
2026/08/28 11:00:57.315, 5, NVIDIA GeForce RTX 3070, 6713, 100, 78.76
2026/08/28 11:00:58.316, 0, NVIDIA GeForce RTX 3090, 91, 0, 42.23
2026/08/28 11:00:58.316, 1, NVIDIA GeForce RTX 3090, 15, 0, 29.91
2026/08/28 11:00:58.316, 2, NVIDIA GeForce RTX 3090, 15, 0, 25.37
2026/08/28 11:00:58.316, 3, NVIDIA GeForce RTX 3070, 5751, 100, 72.39
2026/08/28 11:00:58.316, 4, NVIDIA GeForce RTX 3070, 6193, 100, 67.09
2026/08/28 11:00:58.316, 5, NVIDIA GeForce RTX 3070, 6713, 100, 81.06
2026/08/28 11:00:59.316, 0, NVIDIA GeForce RTX 3090, 91, 0, 37.19
2026/08/28 11:00:59.316, 1, NVIDIA GeForce RTX 3090, 15, 0, 29.90
2026/08/28 11:00:59.316, 2, NVIDIA GeForce RTX 3090, 15, 0, 25.28
2026/08/28 11:00:59.316, 3, NVIDIA GeForce RTX 3070, 5751, 100, 70.26
2026/08/28 11:00:59.316, 4, NVIDIA GeForce RTX 3070, 6193, 100, 70.21
2026/08/28 11:00:59.316, 5, NVIDIA GeForce RTX 3070, 6713, 100, 76.89
2026/08/28 11:01:00.316, 0, NVIDIA GeForce RTX 3090, 86, 0, 36.90
2026/08/28 11:01:00.317, 1, NVIDIA GeForce RTX 3090, 15, 0, 30.02
2026/08/28 11:01:00.317, 2, NVIDIA GeForce RTX 3090, 15, 0, 25.36
2026/08/28 11:01:00.317, 3, NVIDIA GeForce RTX 3070, 5751, 100, 69.38
2026/08/28 11:01:00.317, 4, NVIDIA GeForce RTX 3070, 6193, 100, 68.01
2026/08/28 11:01:00.317, 5, NVIDIA GeForce RTX 3070, 6713, 100, 81.68
2026/08/28 11:01:01.317, 0, NVIDIA GeForce RTX 3090, 86, 0, 41.21
2026/08/28 11:01:01.317, 1, NVIDIA GeForce RTX 3090, 15, 0, 31.30
2026/08/28 11:01:01.317, 2, NVIDIA GeForce RTX 3090, 15, 0, 26.09
2026/08/28 11:01:01.317, 3, NVIDIA GeForce RTX 3070, 5751, 100, 73.04
2026/08/28 11:01:01.388, 4, NVIDIA GeForce RTX 3070, 6193, 100, 66.88
2026/08/28 11:01:01.388, 5, NVIDIA GeForce RTX 3070, 6713, 100, 78.62
2026/08/28 11:01:02.389, 0, NVIDIA GeForce RTX 3090, 86, 0, 37.15
2026/08/28 11:01:02.389, 1, NVIDIA GeForce RTX 3090, 15, 0, 39.43
2026/08/28 11:01:02.389, 2, NVIDIA GeForce RTX 3090, 15, 0, 34.71
2026/08/28 11:01:02.389, 3, NVIDIA GeForce RTX 3070, 5751, 100, 70.15
2026/08/28 11:01:02.389, 4, NVIDIA GeForce RTX 3070, 6193, 100, 70.66
2026/08/28 11:01:02.404, 5, NVIDIA GeForce RTX 3070, 6713, 100, 77.27
2026/08/28 11:01:03.404, 0, NVIDIA GeForce RTX 3090, 86, 0, 36.16
2026/08/28 11:01:03.404, 1, NVIDIA GeForce RTX 3090, 15, 0, 31.22
2026/08/28 11:01:03.404, 2, NVIDIA GeForce RTX 3090, 15, 0, 26.35
2026/08/28 11:01:03.404, 3, NVIDIA GeForce RTX 3070, 5751, 100, 69.26
2026/08/28 11:01:03.404, 4, NVIDIA GeForce RTX 3070, 6193, 100, 67.39
2026/08/28 11:01:03.404, 5, NVIDIA GeForce RTX 3070, 6713, 100, 80.82
2026/08/28 11:01:04.414, 0, NVIDIA GeForce RTX 3090, 86, 0, 40.76
2026/08/28 11:01:04.414, 1, NVIDIA GeForce RTX 3090, 15, 0, 30.06
2026/08/28 11:01:04.414, 2, NVIDIA GeForce RTX 3090, 15, 0, 25.42
2026/08/28 11:01:04.414, 3, NVIDIA GeForce RTX 3070, 5751, 100, 69.56
2026/08/28 11:01:04.435, 4, NVIDIA GeForce RTX 3070, 6193, 100, 66.64
2026/08/28 11:01:04.775, 5, NVIDIA GeForce RTX 3070, 6713, 100, 76.87
2026/08/28 11:01:05.789, 0, NVIDIA GeForce RTX 3090, 86, 0, 37.33
2026/08/28 11:01:05.789, 1, NVIDIA GeForce RTX 3090, 15, 0, 29.80
2026/08/28 11:01:05.789, 2, NVIDIA GeForce RTX 3090, 15, 0, 25.32
2026/08/28 11:01:05.789, 3, NVIDIA GeForce RTX 3070, 5751, 100, 69.04
2026/08/28 11:01:05.789, 4, NVIDIA GeForce RTX 3070, 6193, 100, 70.09
2026/08/28 11:01:05.789, 5, NVIDIA GeForce RTX 3070, 6713, 100, 76.75
2026/08/28 11:01:06.789, 0, NVIDIA GeForce RTX 3090, 86, 0, 36.33
2026/08/28 11:01:06.790, 1, NVIDIA GeForce RTX 3090, 15, 0, 29.80
2026/08/28 11:01:06.790, 2, NVIDIA GeForce RTX 3090, 15, 0, 25.23
2026/08/28 11:01:06.790, 3, NVIDIA GeForce RTX 3070, 5751, 100, 70.14
2026/08/28 11:01:06.790, 4, NVIDIA GeForce RTX 3070, 6193, 100, 66.34
2026/08/28 11:01:06.797, 5, NVIDIA GeForce RTX 3070, 6713, 100, 79.88
2026/08/28 11:01:07.797, 0, NVIDIA GeForce RTX 3090, 86, 0, 36.06
2026/08/28 11:01:07.797, 1, NVIDIA GeForce RTX 3090, 15, 0, 29.93
2026/08/28 11:01:07.797, 2, NVIDIA GeForce RTX 3090, 15, 0, 25.35
2026/08/28 11:01:07.797, 3, NVIDIA GeForce RTX 3070, 5751, 100, 72.56
2026/08/28 11:01:07.797, 4, NVIDIA GeForce RTX 3070, 6193, 100, 67.06
2026/08/28 11:01:07.797, 5, NVIDIA GeForce RTX 3070, 6713, 100, 76.28
2026/08/28 11:01:08.797, 0, NVIDIA GeForce RTX 3090, 86, 0, 36.30
2026/08/28 11:01:08.899, 1, NVIDIA GeForce RTX 3090, 15, 0, 33.76
2026/08/28 11:01:08.899, 2, NVIDIA GeForce RTX 3090, 15, 0, 27.80
2026/08/28 11:01:08.900, 3, NVIDIA GeForce RTX 3070, 5751, 100, 69.25
2026/08/28 11:01:08.900, 4, NVIDIA GeForce RTX 3070, 6193, 100, 69.37
2026/08/28 11:01:08.900, 5, NVIDIA GeForce RTX 3070, 6713, 100, 79.82
